,Family_Assignment,MASTER_LIST,m1L,rbl,BM_all_carnivoran,BM_extant_reg,NOW_diet_2,NOW_diet_3,PPP_diet_1,PPP_diet_2
1,Ailuridae,Alopecocyon leardi,NA,NA,NA,NA,NA,NA,NA,
2,Ailuridae,Pristinailurus bristoli,12.699,0.62,10.19,6.326,omnivore,anim_dom,meat/non-vert,mesocarnivore
3,Ailuridae,Simocyon primigenius,24.941,0.713,75.654,66.261,NA,NA,meat/non-vert,mesocarnivore
4,Amphicyonidae,Adilophontes brachykolos,28.696,0.643,114.744,119.798,NA,NA,meat,mesocarnivore
5,Amphicyonidae,Amphicyon frendens,36.755,0.657,239.326,258.487,carnivore,meat,meat,hypercarnivore
6,Amphicyonidae,Amphicyon galushai,29.176,0.688,120.539,126.135,carnivore,meat,meat,hypercarnivore
7,Amphicyonidae,Amphicyon ingens,39.088,0.688,287.322,312.953,carnivore,meat,meat,hypercarnivore
8,Amphicyonidae,Amphicyon longiramus,32,0.65,158.597,168.074,NA,NA,meat/bone,hypercarnivore
9,Amphicyonidae,Amphicyon pontoni,NA,NA,NA,NA,NA,NA,NA,NA
10,Amphicyonidae,Amphicyon reinheimeri,NA,NA,NA,NA,carnivore,meat,meat,hypercarnivore
11,Amphicyonidae,Amphicyon riggsi,NA,NA,NA,NA,NA,NA,NA,NA
12,Amphicyonidae,Angelarctocyon australis,7.81,0.617,2.405,2.101,NA,NA,meat/non-vert,mesocarnivore
13,Amphicyonidae,Brachyrhynchocyon dodgei,14.2,0.73,14.2,13.464,carnivore,meat,meat,hypercarnivore
14,Amphicyonidae,Brachyrhynchocyon montanus,11.9,NA,8.402,7.775,carnivore,meat,meat,hypercarnivore
15,Amphicyonidae,Cynelos caroniavorus,15,0.6,16.711,15.963,carnivore,meat,meat,hypercarnivore
16,Amphicyonidae,Cynelos idoneus,27.382,0.659,99.832,103.563,carnivore,meat,meat,hypercarnivore
17,Amphicyonidae,Cynelos sinapius,36.14,0.619,227.628,245.284,carnivore,meat,meat,hypercarnivore
18,Amphicyonidae,Daphoenictis tedfordi,16.2,0.74,21.002,20.275,carnivore,meat_only,meat,hypercarnivore
19,Amphicyonidae,Daphoenodon (Borocyon) neomexicanus,27.295,0.675,98.893,102.544,NA,NA,meat,hypercarnivore
20,Amphicyonidae,Daphoenodon (Borocyon) niobrarensis,28.25,0.667,109.528,114.108,NA,NA,meat,hypercarnivore
21,Amphicyonidae,Daphoenodon (Borocyon) robustum,30.687,0.674,140.041,147.56,NA,NA,meat,hypercarnivore
22,Amphicyonidae,Daphoenodon falkenbachi,29.2,0.677,120.833,126.457,carnivore,meat,meat,hypercarnivore
23,Amphicyonidae,Daphoenodon minor,NA,NA,NA,NA,carnivore,meat,meat,hypercarnivore
24,Amphicyonidae,Daphoenodon notionastes,21.6,0.625,49.355,49.562,carnivore,meat,meat,hypercarnivore
25,Amphicyonidae,Daphoenodon skinneri,24.75,0.693,73.947,75.655,NA,NA,meat,hypercarnivore
26,Amphicyonidae,Daphoenodon superbus,25.805,0.675,83.707,86.132,carnivore,meat,meat,hypercarnivore
27,Amphicyonidae,Daphoenus hartshornianus,14.47,0.663,15.017,14.275,carnivore,meat,meat,hypercarnivore
28,Amphicyonidae,Daphoenus ruber,NA,NA,NA,NA,NA,NA,meat,hypercarnivore
29,Amphicyonidae,Daphoenus socialis,17.1,0.67,24.66,23.984,carnivore,meat,meat,hypercarnivore
30,Amphicyonidae,Daphoenus transversus,NA,NA,NA,NA,carnivore,meat,meat,hypercarnivore
31,Amphicyonidae,Daphoenus vetus,15.36,0.67,17.93,17.184,carnivore,meat,meat,hypercarnivore
32,Amphicyonidae,Gustafsonia cognita,NA,NA,NA,NA,NA,NA,NA,NA
33,Amphicyonidae,Ischyrocyon gidleyi,42.99,0.696,381.155,420.603,carnivore,meat,meat,hypercarnivore
34,Amphicyonidae,Mammacyon obtusidens,23.38,0.691,62.441,63.387,carnivore,m/bone,meat/bone,hypercarnivore
35,Amphicyonidae,Paradaphoenus cuspigerus,9.15,0.621,3.85,3.437,carnivore,meat,meat,hypercarnivore
36,Amphicyonidae,Paradaphoenus minimus,8.367,0.614,2.951,2.603,carnivore,meat,meat,hypercarnivore
37,Amphicyonidae,Paradaphoenus tooheyi,7.512,0.685,2.143,1.862,carnivore,meat,meat,hypercarnivore
38,Amphicyonidae,Pliocyon medius,28.568,0.67,113.233,118.148,carnivore,meat,meat,hypercarnivore
39,Amphicyonidae,Pliocyon ossifragus,NA,NA,NA,NA,NA,NA,NA,NA
40,Amphicyonidae,Pliocyon robustus,33.2,0.704,176.921,188.441,carnivore,meat,meat,hypercarnivore
41,Amphicyonidae,Temnocyon altigenis,18.225,0.665,29.798,29.234,carnivore,meat,meat,hypercarnivore
42,Amphicyonidae,Temnocyon percussor,23.48,0.709,63.237,64.233,NA,NA,meat,hypercarnivore
43,Amphicyonidae,Temnocyon typicus,NA,NA,NA,NA,NA,NA,NA,NA
44,Amphicyonidae,Ysengrinia americana,28.25,0.723,109.528,114.108,carnivore,meat,meat,hypercarnivore
45,Barbourofelidae,Barbourofelis fricki,37.612,1,256.293,451.61,carnivore,meat_only,meat,hypercarnivore
46,Barbourofelidae,Barbourofelis loveorum,32.1,NA,160.074,278.51,NA,NA,meat,hypercarnivore
47,Barbourofelidae,Barbourofelis morrisi,26.32,0.822,88.766,152.01,carnivore,meat_only,meat,hypercarnivore
48,Barbourofelidae,Barbourofelis whitfordi,24.62,1,72.799,124.002,carnivore,meat_only,meat,hypercarnivore
49,Canidae,Aelurodon asthenostylus,26.01,0.734,85.697,22.675,NA,NA,meat,hypercarnivore
50,Canidae,Aelurodon ferox,28.24,0.759,109.413,26.337,carnivore,m/bone,meat/bone,hypercarnivore
51,Canidae,Aelurodon mcgrewi,25.67,0.802,82.413,22.139,carnivore,m/bone,meat/bone,hypercarnivore
52,Canidae,Aelurodon montanensis,26.4,0.748,89.57,23.298,carnivore,m/bone,meat/bone,hypercarnivore
53,Canidae,Aelurodon stirtoni,24.69,0.765,73.415,20.625,carnivore,meat,meat,hypercarnivore
54,Canidae,Aelurodon taxoides,30.05,0.764,131.582,29.49,carnivore,m/bone,meat/bone,hypercarnivore
55,Canidae,Alopex lagopus,NA,NA,NA,NA,NA,NA,NA,NA
56,Canidae,Archaeocyon falkenbachi,NA,NA,NA,NA,NA,NA,NA,NA
57,Canidae,Archaeocyon leptodus,9.13,0.657,3.825,3.373,carnivore,meat,meat/non-vert,hypocarnivore
58,Canidae,Archaeocyon pavidus,7.65,0.65,2.262,2.445,carnivore,meat,meat/non-vert,hypocarnivore
59,Canidae,Borophagus diversidens,32.91,0.71,172.371,34.797,carnivore,m/bone,meat/bone,hypercarnivore
60,Canidae,Borophagus dudleyi,NA,NA,NA,NA,carnivore,m/bone,meat/bone,hypercarnivore
61,Canidae,Borophagus hilli,29.88,0.7,129.384,29.187,carnivore,m/bone,meat/bone,hypercarnivore
62,Canidae,Borophagus littoralis,26.5,0.67,90.582,23.459,carnivore,m/bone,meat/bone,hypercarnivore
63,Canidae,Borophagus orc,22.15,0.71,53.181,16.927,carnivore,m/bone,meat/bone,hypercarnivore
64,Canidae,Borophagus parvus,23.76,0.63,65.503,19.233,carnivore,m/bone,meat/bone,hypercarnivore
65,Canidae,Borophagus pugnator,26.88,0.67,94.494,24.075,carnivore,m/bone,meat/bone,hypercarnivore
66,Canidae,Borophagus secundus,26.92,0.758,94.912,24.14,carnivore,m/bone,meat/bone,hypercarnivore
67,Canidae,Caedocyon tedfordi,19,NA,33.721,12.804,carnivore,meat,meat,hypercarnivore
68,Canidae,Canis armbrusteri,29.54,0.758,125.06,28.586,carnivore,meat,meat,hypercarnivore
69,Canidae,Canis dirus,33.39,0.689,179.945,35.726,NA,NA,meat,hypercarnivore
70,Canidae,Canis edwardii,24.95,0.694,75.736,21.022,carnivore,meat,meat/non-vert,mesocarnivore
71,Canidae,Canis familiaris,NA,NA,NA,NA,NA,NA,NA,NA
72,Canidae,Canis ferox,19.93,0.662,38.863,13.967,carnivore,meat,meat/non-vert,mesocarnivore
73,Canidae,Canis latrans,21.16,0.643,46.428,15.575,NA,NA,meat/non-vert,mesocarnivore
74,Canidae,Canis lepophagus,20.63,0.727,43.059,14.873,carnivore,meat,meat/non-vert,mesocarnivore
75,Canidae,Canis lupus,27.6,0.646,102.212,25.261,NA,NA,meat,hypercarnivore
76,Canidae,Canis rufus,NA,NA,NA,NA,NA,NA,NA,NA
77,Canidae,Canis thooides,18.35,0.716,30.409,12.018,carnivore,meat,meat/non-vert,mesocarnivore
78,Canidae,Carpocyon compressus,20.94,0.669,45.009,15.282,omnivore,anim_dom,meat/non-vert,mesocarnivore
79,Canidae,Carpocyon limosus,NA,NA,NA,NA,omnivore,anim_dom,meat/non-vert,mesocarnivore
80,Canidae,Carpocyon robustus,23.84,0.69,66.161,19.351,omnivore,anim_dom,meat,hypercarnivore
81,Canidae,Carpocyon webbi,24.65,0.767,73.063,20.564,omnivore,anim_dom,meat,hypercarnivore
82,Canidae,Cerdocyon texanus,14.65,0.748,15.579,7.977,omnivore,anim_dom,nonvert/meat,hypocarnivore
83,Canidae,Chrysocyon nearcticus,21.49,0.714,48.612,16.02,omnivore,anim_dom,meat/non-vert,mesocarnivore
84,Canidae,Cormocyon copei,11.49,0.674,7.571,5.126,carnivore,meat,nonvert/meat,hypocarnivore
85,Canidae,Cormocyon haydeni,11.5,0.691,7.591,5.134,omnivore,anim_dom,nonvert/meat,hypocarnivore
86,Canidae,Cynarctoides acridens,8.93,0.657,3.581,3.24,omnivore,anim_dom,nonvert/meat,hypocarnivore
87,Canidae,Cynarctoides emryi,7.62,0.541,2.236,2.427,omnivore,anim_dom,meat/non-vert,mesocarnivore
88,Canidae,Cynarctoides gawnae,7.87,0.675,2.461,2.574,omnivore,anim_dom,meat/non-vert,mesocarnivore
89,Canidae,Cynarctoides harlowi,6.6,0.62,1.459,1.869,omnivore,anim_dom,meat/non-vert,mesocarnivore
90,Canidae,Cynarctoides lemur,7.38,0.64,2.033,2.29,omnivore,anim_dom,nonvert/meat,hypocarnivore
91,Canidae,Cynarctoides luskensis,7.55,0.58,2.175,2.387,omnivore,anim_dom,nonvert/meat,hypocarnivore
92,Canidae,Cynarctoides roii,6.38,0.628,1.319,1.757,omnivore,anim_dom,meat/non-vert,mesocarnivore
93,Canidae,Cynarctoides whistleri,6.67,0.631,1.505,1.905,omnivore,anim_dom,meat/non-vert,mesocarnivore
94,Canidae,Cynarctus crucidens,11.25,0.54,7.111,4.933,omnivore,anim_dom,nonvert/meat,hypocarnivore
95,Canidae,Cynarctus galushai,16.09,0.672,20.581,9.461,omnivore,anim_dom,meat/non-vert,mesocarnivore
96,Canidae,Cynarctus marylandica,NA,NA,NA,NA,omnivore,anim_dom,meat/non-vert,mesocarnivore
97,Canidae,Cynarctus saxatilis,16.68,0.58,22.905,10.102,omnivore,anim_dom,nonvert/meat,hypocarnivore
98,Canidae,Cynarctus voorhiesi,13.9,0.558,13.328,7.249,omnivore,anim_dom,nonvert/meat,hypocarnivore
99,Canidae,Cynodesmus martini,20.1,0.771,39.856,14.185,carnivore,meat,meat,hypercarnivore
100,Canidae,Cynodesmus thooides,16.13,0.711,20.734,9.504,carnivore,meat,meat,hypercarnivore
101,Canidae,Desmocyon matthewi,14.83,0.674,16.154,8.156,carnivore,meat,meat/non-vert,mesocarnivore
102,Canidae,Desmocyon thomsoni,13.73,0.677,12.849,7.089,carnivore,meat,meat/non-vert,mesocarnivore
103,Canidae,Ectopocynus antiquus,15.4,0.714,18.069,8.735,carnivore,meat_only,meat/non-vert,mesocarnivore
104,Canidae,Ectopocynus intermedius,18.7,0.743,32.164,12.438,carnivore,meat_only,meat,hypercarnivore
105,Canidae,Ectopocynus simplicidens,22.03,0.723,52.33,16.76,carnivore,meat_only,meat,hypercarnivore
106,Canidae,Enhydrocyon basilatus,24.5,0.78,71.75,20.337,carnivore,meat_only,meat,hypercarnivore
107,Canidae,Enhydrocyon crassidens,23.25,0.766,61.415,18.488,carnivore,meat_only,meat,hypercarnivore
108,Canidae,Enhydrocyon pahinsintewakpa,21.45,0.748,48.344,15.966,NA,NA,meat,hypercarnivore
109,Canidae,Enhydrocyon stenocephalus,20,0.775,39.27,14.056,carnivore,meat_only,meat,hypercarnivore
110,Canidae,Epicyon aelurodontoides,NA,NA,NA,NA,carnivore,m/bone,meat/bone,hypercarnivore
111,Canidae,Epicyon haydeni,36.25,0.883,229.691,41.49,carnivore,m/bone,meat/bone,hypercarnivore
112,Canidae,Epicyon saevus,29.09,0.718,119.487,27.798,carnivore,m/bone,meat/bone,hypercarnivore
113,Canidae,Eucyon davisi,17.07,0.68,24.532,10.536,carnivore,meat,nonvert/meat,hypocarnivore
114,Canidae,Eucyon skinneri,16.05,0.623,20.43,9.418,carnivore,meat,meat/non-vert,mesocarnivore
115,Canidae,Euoplocyon brachygnathus,18.18,0.722,29.58,11.816,NA,NA,meat,hypercarnivore
116,Canidae,Euoplocyon spissidens,16.4,0.62,21.781,9.795,carnivore,meat_only,meat,hypercarnivore
117,Canidae,Hesperocyon coloradensis,11.04,0.639,6.724,4.767,carnivore,meat,meat/non-vert,mesocarnivore
118,Canidae,Hesperocyon gregarius,9.53,0.696,4.344,3.647,carnivore,meat,meat/non-vert,hypocarnivore
119,Canidae,Leptocyon delicatus,6.3,0.735,1.271,1.717,carnivore,meat,meat/non-vert,mesocarnivore
120,Canidae,Leptocyon douglassi,8.9,0.697,3.546,3.22,carnivore,meat,meat/non-vert,mesocarnivore
121,Canidae,Leptocyon gregorii,10,0.71,5.012,3.981,carnivore,meat,meat/non-vert,mesocarnivore
122,Canidae,Leptocyon leidyi,10.63,0.683,6.009,4.449,carnivore,meat,meat/non-vert,hypocarnivore
123,Canidae,Leptocyon matthewi,13.09,0.675,11.151,6.499,carnivore,meat,meat/non-vert,mesocarnivore
124,Canidae,Leptocyon mollis,9.38,0.651,4.144,3.543,carnivore,meat,meat/non-vert,mesocarnivore
125,Canidae,Leptocyon tejonensis,11.8,0.629,8.194,5.381,carnivore,meat,meat/non-vert,mesocarnivore
126,Canidae,Leptocyon vafer,11.75,0.685,8.091,5.339,carnivore,meat,meat/non-vert,mesocarnivore
127,Canidae,Leptocyon vulpinus,10.99,0.692,6.634,4.727,carnivore,meat,meat/non-vert,mesocarnivore
128,Canidae,Mesocyon brachyops,14.63,0.709,15.516,7.957,carnivore,meat,meat,hypercarnivore
129,Canidae,Mesocyon coryphaeus,16.75,0.7,23.191,10.179,carnivore,meat,meat,hypercarnivore
130,Canidae,Mesocyon temnodon,13.78,0.678,12.989,7.136,carnivore,meat,meat/non-vert,mesocarnivore
131,Canidae,Metalopex bakeri,12.5,0.642,9.724,5.976,carnivore,meat,nonvert/meat,hypocarnivore
132,Canidae,Metalopex macconnelli,12.37,0.695,9.426,5.863,carnivore,meat,nonvert/meat,hypocarnivore
133,Canidae,Metalopex merriami,14.55,0.66,15.265,7.878,carnivore,meat,nonvert/meat,hypocarnivore
134,Canidae,Metatomarctus canavus,17.65,0.66,27.091,11.196,carnivore,meat,meat/non-vert,mesocarnivore
135,Canidae,Microtomarctus conferta,15.86,0.692,19.72,9.216,carnivore,meat,meat/non-vert,mesocarnivore
136,Canidae,Osbornodon brachypus,19.51,0.723,36.481,13.436,carnivore,meat,meat/non-vert,mesocarnivore
137,Canidae,Osbornodon fricki,28.09,0.735,107.696,26.083,carnivore,meat,meat,hypercarnivore
138,Canidae,Osbornodon iamonensis,19.93,0.681,38.863,13.967,carnivore,meat,meat/non-vert,mesocarnivore
139,Canidae,Osbornodon renjiei,12.33,0.667,9.336,5.828,carnivore,meat,nonvert/meat,hypocarnivore
140,Canidae,Osbornodon sesnoni,14.68,0.7,15.674,8.006,NA,NA,nonvert/meat,hypocarnivore
141,Canidae,Osbornodon wangi,NA,NA,NA,NA,carnivore,meat,nonvert/meat,hypocarnivore
142,Canidae,Otarocyon cooki,6.2,0.613,1.212,1.668,carnivore,meat,meat,hypocarnivore
143,Canidae,Otarocyon macdonaldi,6.2,0.661,1.212,1.668,carnivore,meat,meat,mesocarnivore
144,Canidae,Oxetocyon cuspidatus,7.63,0.6,2.244,2.433,omnivore,anim_dom,meat/non-vert,mesocarnivore
145,Canidae,Paracynarctus kelloggi,15.32,0.655,17.792,8.653,NA,NA,meat,hypocarnivore
146,Canidae,Paracynarctus sinclairi,14.7,0.67,15.737,8.026,omnivore,anim_dom,meat/non-vert,mesocarnivore
147,Canidae,Paraenhydrocyon josephi,14.46,0.71,14.986,7.789,carnivore,meat_only,meat,hypercarnivore
148,Canidae,Paraenhydrocyon robustus,15.8,0.703,19.499,9.153,carnivore,meat_only,meat,hypercarnivore
149,Canidae,Paraenhydrocyon wallovianus,19.83,0.71,38.287,13.84,carnivore,meat_only,meat,hypercarnivore
150,Canidae,Paratomarctus euthos,20.34,0.644,41.286,14.494,carnivore,meat,meat/non-vert,mesocarnivore
151,Canidae,Paratomarctus temerarius,18.74,0.704,32.369,12.486,carnivore,meat,meat/non-vert,mesocarnivore
152,Canidae,Philotrox condoni,18.28,0.733,30.066,11.934,carnivore,meat,meat,hypercarnivore
153,Canidae,Phlaocyon achoros,8.5,0.651,3.093,2.962,omnivore,anim_dom,nonvert/meat,hypocarnivore
154,Canidae,Phlaocyon annectens,6,0.63,1.099,1.571,omnivore,anim_dom,nonvert/meat,hypocarnivore
155,Canidae,Phlaocyon latidens,8.23,0.651,2.81,2.793,omnivore,anim_dom,nonvert/meat,hypocarnivore
156,Canidae,Phlaocyon leucosteus,9.76,0.69,4.663,3.809,omnivore,anim_dom,nonvert/meat,hypocarnivore
157,Canidae,Phlaocyon mariae,NA,NA,NA,NA,omnivore,anim_dom,nonvert/meat,hypocarnivore
158,Canidae,Phlaocyon marslandensis,11.2,0.58,7.017,4.893,omnivore,anim_dom,nonvert/meat,hypocarnivore
159,Canidae,Phlaocyon minor,9.5,0.635,4.304,3.626,omnivore,anim_dom,nonvert/meat,hypocarnivore
160,Canidae,Phlaocyon multicuspus,NA,NA,NA,NA,NA,NA,NA,NA
161,Canidae,Phlaocyon taylori,6.87,0.636,1.643,2.01,omnivore,anim_dom,nonvert/meat,hypocarnivore
162,Canidae,Phlaocyon yatkolai,16.2,0.6,21.002,9.579,omnivore,anim_dom,nonvert/meat,hypocarnivore
163,Canidae,Prohesperocyon wilsoni,8.958,0.587,3.615,3.259,carnivore,meat,nonvert/meat,hypocarnivore
164,Canidae,Protepicyon raki,27.5,0.72,101.116,25.095,carnivore,m/bone,meat/bone,hypercarnivore
165,Canidae,Protomarctus optatus,18.28,0.672,30.066,11.934,carnivore,meat,meat/non-vert,mesocarnivore
166,Canidae,Psalidocyon marianae,16,0.669,20.241,9.365,carnivore,meat,meat/non-vert,mesocarnivore
167,Canidae,Rhizocyon oregonensis,9.03,0.658,3.702,3.306,carnivore,meat,meat,hypocarnivore
168,Canidae,Sunkahetanka geringensis,17.63,0.742,27,11.173,carnivore,meat_only,meat,hypercarnivore
169,Canidae,Tephrocyon rurestris,20.8,0.722,44.121,15.096,carnivore,meat,meat/non-vert,mesocarnivore
170,Canidae,Tephrocyon scitulus,17.76,0.702,27.596,11.324,NA,NA,meat/non-vert,mesocarnivore
171,Canidae,Theriodictis floridanus,24.1,0.7,68.327,19.737,NA,NA,meat/non-vert,mesocarnivore
172,Canidae,Tomarctus brevirostris,23.08,0.724,60.091,18.243,carnivore,meat,meat,hypercarnivore
173,Canidae,Tomarctus hippophaga,19.45,0.701,36.149,13.361,carnivore,meat,meat/non-vert,mesocarnivore
174,Canidae,Urocyon cinereoargenteus,11.2,0.613,7.017,4.893,NA,NA,nonvert/meat,hypocarnivore
175,Canidae,Urocyon citrinus,12.14,0.608,8.915,5.666,omnivore,anim_dom,nonvert/meat,hypocarnivore
176,Canidae,Urocyon galushai,11.75,NA,8.091,5.339,omnivore,anim_dom,nonvert/meat,hypocarnivore
177,Canidae,Urocyon minicephalus,11.65,0.536,7.888,5.257,omnivore,anim_dom,nonvert/meat,hypocarnivore
178,Canidae,Urocyon progressus,NA,NA,NA,NA,omnivore,anim_dom,meat/non-vert,hypocarnivore
179,Canidae,Urocyon webbi,12.3,0.568,9.269,5.803,NA,NA,meat/non-vert,hypocarnivore
180,Canidae,Vulpes kernensis,11.8,0.675,8.194,5.381,carnivore,meat,meat/non-vert,mesocarnivore
181,Canidae,Vulpes shermanesis,NA,NA,NA,NA,carnivore,meat,meat/non-vert,mesocarnivore
182,Canidae,Vulpes stenognathus,14.9,0.691,16.382,8.226,carnivore,meat,meat/non-vert,mesocarnivore
183,Canidae,Vulpes velox,13.03,0.665,11,6.445,carnivore,meat,meat/non-vert,mesocarnivore
184,Canidae,Vulpes vulpes,16.04,0.629,20.392,9.407,NA,NA,meat/non-vert,mesocarnivore
185,Felidae,Adelphailurus kansensis,19.085,1,34.171,57.031,carnivore,meat_only,meat,hypercarnivore
186,Felidae,Amphimachairodus coloradensis,31.138,0.986,146.245,253.831,NA,NA,meat,hypercarnivore
187,Felidae,Dinobastis ischyrus,28.5,0.993,112.432,193.766,NA,NA,meat,hypercarnivore
188,Felidae,Dinofelis palaeoonca,23.9,1,66.656,113.27,carnivore,meat_only,meat,hypercarnivore
189,Felidae,Felis domesticus,NA,NA,NA,NA,NA,NA,meat,hypercarnivore
190,Felidae,Felis rexroadensis,15.5,1,18.42,30.235,NA,NA,meat,hypercarnivore
191,Felidae,Homotherium serum,26.377,1,89.338,153.015,NA,NA,meat,hypercarnivore
192,Felidae,Homotherium sp.,29.63,1,126.195,218.163,carnivore,meat_only,meat,hypercarnivore
193,Felidae,Lynx canadensis,NA,NA,NA,NA,NA,NA,meat,hypercarnivore
194,Felidae,Lynx longignathus,NA,1,NA,NA,NA,NA,meat,hypercarnivore
195,Felidae,Lynx proterolyncis,13.068,1,11.095,17.965,carnivore,meat_only,meat,hypercarnivore
196,Felidae,Lynx rufus,11.428,1,7.449,11.933,carnivore,meat_only,meat,hypercarnivore
197,Felidae,Machairodus catocopis,32.353,1,163.855,285.268,NA,NA,meat,hypercarnivore
198,Felidae,Machairodus tanneri,NA,NA,NA,NA,carnivore,meat_only,meat,hypercarnivore
199,Felidae,Megantereon hesperus,NA,NA,NA,NA,NA,NA,meat,hypercarnivore
200,Felidae,Miracinonyx inexpectatus,21.13,1,46.23,77.788,carnivore,meat_only,meat,hypercarnivore
201,Felidae,Miracinonyx trumani,19.772,1,37.955,63.526,carnivore,meat_only,meat,hypercarnivore
202,Felidae,Nimravides galiani,26.7,1,92.627,158.803,carnivore,meat_only,meat,hypercarnivore
203,Felidae,Nimravides hibbardi,21.5,NA,48.679,82.023,NA,NA,meat,hypercarnivore
204,Felidae,Nimravides pedionomus,26.545,0.928,91.044,156.016,NA,NA,meat,hypercarnivore
205,Felidae,Nimravides thinobates,29.3,0.894,122.067,210.837,NA,NA,meat,hypercarnivore
206,Felidae,Panthera onca,21.474,1,48.508,81.727,carnivore,meat_only,meat,hypercarnivore
207,Felidae,Pratifelis martini,29.5,0.881,124.558,215.257,carnivore,meat_only,meat,hypercarnivore
208,Felidae,Pseudaelurus aeluroides,15.6,0.808,18.775,30.834,NA,NA,meat,hypercarnivore
209,Felidae,Pseudaelurus intrepidus,17.002,0.879,24.241,40.086,NA,NA,meat,hypercarnivore
210,Felidae,Pseudaelurus marshi,16.294,0.873,21.368,35.214,NA,NA,meat,hypercarnivore
211,Felidae,Pseudaelurus skinneri,11.932,0.84,8.468,13.613,NA,NA,meat,hypercarnivore
212,Felidae,Pseudaelurus stouti,8.568,0.916,3.167,4.957,NA,NA,meat,hypercarnivore
213,Felidae,Pseudaelurus validus,16.17,0.947,20.887,34.401,NA,NA,meat,hypercarnivore
214,Felidae,Puma concolor,19.841,1,38.348,64.202,NA,NA,meat,hypercarnivore
215,Felidae,Puma lacustris,15.35,1,17.895,29.352,carnivore,meat_only,meat,hypercarnivore
216,Felidae,Smilodon fatalis,24.006,1,67.537,114.807,NA,NA,meat,hypercarnivore
217,Felidae,Smilodon gracilis,23.815,1,65.954,112.044,carnivore,meat_only,meat,hypercarnivore
218,Felidae,Uncia atrox,30.255,0.996,134.27,232.511,NA,NA,meat,hypercarnivore
219,Hyaenidae,Chasmaporthetes ossifragus,27.285,0.857,98.786,98.786,carnivore,meat_only,meat,hypercarnivore
220,Hyaenodontidae,Acarictis ryani,NA,NA,NA,NA,NA,NA,NA,NA
221,Hyaenodontidae,Arfia junnei,NA,NA,NA,NA,NA,NA,NA,NA
222,Hyaenodontidae,Arfia opisthotoma,10.334,0.582,5.526,5.526,NA,NA,NA,NA
223,Hyaenodontidae,Arfia shoshoniensis,10.045,0.584,5.079,5.079,NA,NA,NA,NA
224,Hyaenodontidae,Arfia zele,8.168,0.602,2.748,2.748,NA,NA,NA,NA
225,Hyaenodontidae,Entomodon comptus,NA,NA,NA,NA,NA,NA,NA,NA
226,Hyaenodontidae,Galecyon mordax,NA,NA,NA,NA,NA,NA,NA,NA
227,Hyaenodontidae,Gazinocyon vulpeculus,NA,NA,NA,NA,NA,NA,NA,NA
228,Hyaenodontidae,Hemipsalodon grandis,NA,NA,NA,NA,NA,NA,NA,NA
229,Hyaenodontidae,Hemipsalodon viejaensis,NA,NA,NA,NA,NA,NA,NA,NA
230,Hyaenodontidae,Hyaenodon brevirostrus,NA,NA,NA,NA,NA,NA,NA,NA
231,Hyaenodontidae,Hyaenodon crucians,14.056,1,13.777,13.777,NA,NA,meat,hypercarnivore
232,Hyaenodontidae,Hyaenodon horridus,NA,1,NA,NA,NA,NA,meat,hypercarnivore
233,Hyaenodontidae,Hyaenodon megaloides,NA,NA,NA,NA,NA,NA,NA,NA
234,Hyaenodontidae,Hyaenodon microdon,NA,NA,NA,NA,NA,NA,NA,NA
235,Hyaenodontidae,Hyaenodon montanus,18.887,1,33.129,33.129,NA,NA,meat,hypercarnivore
236,Hyaenodontidae,Hyaenodon mustelinus,NA,1,NA,NA,NA,NA,meat,hypercarnivore
237,Hyaenodontidae,Hyaenodon raineyi,NA,NA,NA,NA,NA,NA,NA,NA
238,Hyaenodontidae,Hyaenodon venturae,9.844,1,4.783,4.783,NA,NA,meat,hypercarnivore
239,Hyaenodontidae,Hyaenodon vetus,19.424,NA,36.005,36.005,NA,NA,NA,NA
240,Hyaenodontidae,Ischnognathus savagei,NA,NA,NA,NA,NA,NA,NA,NA
241,Hyaenodontidae,Limnocyon cuspidens,NA,NA,NA,NA,NA,NA,NA,NA
242,Hyaenodontidae,Limnocyon medius,5.763,0.557,0.975,0.975,NA,NA,NA,NA
243,Hyaenodontidae,Limnocyon potens,11.914,0.654,8.431,8.431,NA,NA,NA,NA
244,Hyaenodontidae,Limnocyon velox,5.098,0.579,0.678,0.678,NA,NA,NA,NA
245,Hyaenodontidae,Limnocyon verus,9.071,0.636,3.752,3.752,NA,NA,NA,NA
246,Hyaenodontidae,Oxyaenodon dysodus,8.02,0.676,2.603,2.603,NA,NA,NA,NA
247,Hyaenodontidae,Prolimnocyon antiquus,NA,NA,NA,NA,NA,NA,NA,NA
248,Hyaenodontidae,Prolimnocyon atavus,4.975,0.632,0.63,0.63,NA,NA,NA,NA
249,Hyaenodontidae,Prolimnocyon eerius,NA,NA,NA,NA,NA,NA,NA,NA
250,Hyaenodontidae,Prolimnocyon haematus,4.801,0.628,0.567,0.567,NA,NA,NA,NA
251,Hyaenodontidae,Protopsalis tigrinus,NA,NA,NA,NA,NA,NA,NA,NA
252,Hyaenodontidae,Prototomus deimos,4.13,0.664,0.362,0.362,NA,NA,NA,NA
253,Hyaenodontidae,Prototomus martis,7.514,0.609,2.144,2.144,NA,NA,NA,NA
254,Hyaenodontidae,Prototomus phobos,7.191,0.473,1.882,1.882,NA,NA,NA,NA
255,Hyaenodontidae,Prototomus robustus,8.324,0.604,2.907,2.907,NA,NA,NA,NA
256,Hyaenodontidae,Prototomus secundarius,NA,NA,NA,NA,NA,NA,NA,NA
257,Hyaenodontidae,Proviverroides piercei,NA,0.631,NA,NA,NA,NA,NA,NA
258,Hyaenodontidae,Pyrocyon dioctetus,6.958,0.565,1.707,1.707,NA,NA,NA,NA
259,Hyaenodontidae,Sinopa grangeri,NA,NA,NA,NA,NA,NA,NA,NA
260,Hyaenodontidae,Sinopa major,9.005,0.552,3.671,3.671,NA,NA,NA,NA
261,Hyaenodontidae,Sinopa minor,4.684,0.79,0.527,0.527,NA,NA,NA,NA
262,Hyaenodontidae,Sinopa pungens,NA,NA,NA,NA,NA,NA,NA,NA
263,Hyaenodontidae,Sinopa rapax,7.675,0.531,2.284,2.284,NA,NA,NA,NA
264,Hyaenodontidae,Sinopa viverrinus,5.312,0.553,0.766,0.766,NA,NA,NA,NA
265,Hyaenodontidae,Tritemnodon agilis,8.253,0.667,2.834,2.834,NA,NA,NA,NA
266,Hyaenodontidae,Tritemnodon strenuus,NA,NA,NA,NA,NA,NA,NA,NA
267,Mephitidae,Brachyopsigale dubius,4,NA,0.33,0.114,carnivore,meat_insec,meat/non-vert,mesocarnivore
268,Mephitidae,Brachyprotoma obtusata,NA,NA,NA,NA,NA,NA,NA,NA
269,Mephitidae,Buisnictis breviramus,6.02,0.61,1.11,0.471,carnivore,meat_insec,meat/non-vert,mesocarnivore
270,Mephitidae,Buisnictis burrowsi,5.4,0.7,0.804,0.323,carnivore,meat_insec,meat/non-vert,mesocarnivore
271,Mephitidae,Buisnictis schoffi,6.8,0.62,1.594,0.72,carnivore,meat_insec,meat/non-vert,mesocarnivore
272,Mephitidae,Conepatus leuconotus,10.1,0.509,5.162,2.851,carnivore,meat_insec,Minimal meat,hypocarnivore
273,Mephitidae,Martinogale alveodens,5.6,0.589,0.896,0.366,carnivore,meat_insec,meat/non-vert,mesocarnivore
274,Mephitidae,Martinogale chisoensis,6.8,0.581,1.594,0.72,NA,NA,meat/non-vert,mesocarnivore
275,Mephitidae,Martinogale faulli,4.716,0.686,0.538,0.201,carnivore,meat_insec,meat/non-vert,mesocarnivore
276,Mephitidae,Martinogale nambiana,NA,NA,NA,NA,carnivore,meat_insec,meat/non-vert,mesocarnivore
277,Mephitidae,Mephitis mephitis,9,0.44,3.665,1.909,carnivore,meat_insec,meat/non-vert,mesocarnivore
278,Mephitidae,Mephitis rexroadensis,NA,NA,NA,NA,carnivore,meat_insec,meat/non-vert,mesocarnivore
279,Mephitidae,Pliogale furlongi,5.5,0.654,0.849,0.344,carnivore,meat_insec,meat/non-vert,mesocarnivore
280,Mephitidae,Pliogale manka,8.4,0.738,2.986,1.501,carnivore,meat_insec,meat/non-vert,mesocarnivore
281,Mephitidae,Spilogale microdens,6.3,0.663,1.271,0.552,carnivore,meat_insec,meat/non-vert,mesocarnivore
282,Mephitidae,Spilogale putorius,7.08,0.586,1.797,0.828,carnivore,meat_insec,meat/non-vert,mesocarnivore
283,Mephitidae,Spilogale rexroadi,5.63,0.591,0.91,0.373,carnivore,meat_insec,meat/non-vert,mesocarnivore
284,Miacidae,Gracilocyon winkleri,4.383,0.503,0.433,0.433,NA,NA,NA,NA
285,Miacidae,Harpalodon sylvestris,5.775,0.537,0.981,0.981,NA,NA,NA,NA
286,Miacidae,Miacis bathygnathus,NA,NA,NA,NA,NA,NA,NA,NA
287,Miacidae,Miacis deutschi,4.226,0.556,0.388,0.388,carnivore,meat,meat,NA
288,Miacidae,Miacis edax,NA,NA,NA,NA,NA,NA,NA,NA
289,Miacidae,Miacis exiguus,5.345,0.578,0.78,0.78,carnivore,meat,meat,NA
290,Miacidae,Miacis hookwayi,6.545,0.654,1.423,1.423,carnivore,meat,meat,NA
291,Miacidae,Miacis latidens,6.182,0.585,1.201,1.201,carnivore,meat,meat,NA
292,Miacidae,Miacis medius,7.079,0.48,1.796,1.796,carnivore,meat,meat,NA
293,Miacidae,Miacis parvivorus,5.932,0.525,1.063,1.063,carnivore,meat,meat,NA
294,Miacidae,Miacis petilus,4.104,0.643,0.356,0.356,carnivore,meat,meat,NA
295,Miacidae,Miacis vorax,7.221,0.586,1.905,1.905,NA,NA,NA,NA
296,Miacidae,Miocyon major,9.716,0.708,4.601,4.601,NA,NA,NA,NA
297,Miacidae,Miocyon scotti,13.332,0.73,11.774,11.774,NA,NA,NA,NA
298,Miacidae,Neovulpavus washakius,6.911,0.596,1.673,1.673,NA,NA,NA,NA
299,Miacidae,Oodectes herpestoides,4.272,0.534,0.401,0.401,carnivore,meat,meat,NA
300,Miacidae,Oodectes jepseni,3.677,0.67,0.257,0.257,NA,NA,NA,NA
301,Miacidae,Oodectes pugnax,NA,NA,NA,NA,NA,NA,NA,NA
302,Miacidae,Palaearctonyx meadi,NA,NA,NA,NA,carnivore,meat,meat,NA
303,Miacidae,Procynodictis progressus,7.513,0.67,2.144,2.144,carnivore,meat,meat,NA
304,Miacidae,Procynodictis vulpiceps,7.761,0.605,2.361,2.361,carnivore,meat,meat,NA
305,Miacidae,Prodaphaenus uintensis,NA,NA,NA,NA,NA,NA,NA,NA
306,Miacidae,Tapocyon robustus,11.397,0.68,7.39,7.39,carnivore,meat,meat,NA
307,Miacidae,Uintacyon acutus,NA,NA,NA,NA,carnivore,meat,meat,NA
308,Miacidae,Uintacyon asodes,NA,NA,NA,NA,carnivore,meat,meat,NA
309,Miacidae,Uintacyon jugulans,5.454,0.596,0.828,0.828,carnivore,meat,meat,NA
310,Miacidae,Uintacyon massetericus,6.189,0.646,1.206,1.206,carnivore,meat,meat,NA
311,Miacidae,Uintacyon rudis,5.294,0.604,0.758,0.758,carnivore,meat,meat,NA
312,Miacidae,Vassacyon promicrodon,7.868,0.615,2.459,2.459,carnivore,meat,meat,NA
313,Miacidae,Vulpavus australis,6.007,0.506,1.103,1.103,carnivore,meat,meat,NA
314,Miacidae,Vulpavus canavus,6.694,0.485,1.521,1.521,carnivore,meat,meat,NA
315,Miacidae,Vulpavus farsonensis,4.154,0.586,0.369,0.369,carnivore,meat,meat,NA
316,Miacidae,Vulpavus hargeri,NA,NA,NA,NA,NA,NA,NA,NA
317,Miacidae,Vulpavus ovatus,NA,NA,NA,NA,carnivore,meat,meat,NA
318,Miacidae,Vulpavus palustris,5.843,0.496,1.016,1.016,carnivore,meat,meat,NA
319,Miacidae,Vulpavus profectus,5.951,0.569,1.073,1.073,carnivore,meat,meat,NA
320,Mustelidae,Arctomeles dimolodontus,NA,NA,NA,NA,omnivore,anim_dom,meat/non-vert,hypocarnivore
321,Mustelidae,Arikarictis chapini,NA,NA,NA,NA,carnivore,meat,meat,hypercarnivore
322,Mustelidae,Brachypsalis hyaenoides,NA,NA,NA,NA,omnivore,anim_dom,meat/non-vert,mesocarnivore
323,Mustelidae,Brachypsalis matutinus,13.3,0.673,11.691,7.43,omnivore,anim_dom,meat/non-vert,mesocarnivore
324,Mustelidae,Brachypsalis modicus,14.1,0.69,13.905,9.105,omnivore,anim_dom,meat/non-vert,mesocarnivore
325,Mustelidae,Brachypsalis obliquidens,17.5,0.686,26.413,19.31,omnivore,anim_dom,meat/non-vert,mesocarnivore
326,Mustelidae,Brachypsalis pachycephalus,15.055,0.673,16.893,11.437,omnivore,anim_dom,meat/non-vert,mesocarnivore
327,Mustelidae,Canimartes cumminsii,NA,NA,NA,NA,NA,NA,NA,NA
328,Mustelidae,Cernictis hesperus,11.7,NA,7.989,4.756,carnivore,meat,meat/non-vert,mesocarnivore
329,Mustelidae,Chamitataxus avitus,NA,NA,NA,NA,NA,NA,NA,NA
330,Mustelidae,Craterogale simus,8.9,0.603,3.546,1.836,omnivore,anim_dom,meat/non-vert,mesocarnivore
331,Mustelidae,Dinogale siouxensis,10.5,0.618,5.793,3.264,carnivore,meat,meat,hypercarnivore
332,Mustelidae,Eomellivora wimani,NA,NA,NA,NA,carnivore,m/bone,meat/bone,hypercarnivore
333,Mustelidae,Ferinestrix vorax,26.495,0.648,90.531,81.773,carnivore,meat,meat,hypercarnivore
334,Mustelidae,Floridictis petersoni,10.2,NA,5.315,2.951,NA,NA,meat/non-vert,mesocarnivore
335,Mustelidae,Gulo gulo,19.65,0.68,37.264,28.9,NA,NA,meat,hypercarnivore
336,Mustelidae,Hoplictis grangerensis,19.81,0.705,38.169,29.725,carnivore,meat,meat,hypercarnivore
337,Mustelidae,Legionarictis fortidens,NA,NA,NA,NA,NA,NA,NA,NA
338,Mustelidae,Leptarctus ancipidens,NA,NA,NA,NA,omnivore,plant_dom,meat/non-vert,mesocarnivore
339,Mustelidae,Leptarctus martini,NA,NA,NA,NA,omnivore,plant_dom,meat/non-vert,mesocarnivore
340,Mustelidae,Leptarctus oregonensis,NA,NA,NA,NA,omnivore,plant_dom,meat/non-vert,mesocarnivore
341,Mustelidae,Leptarctus primus,10.1,0.549,5.162,2.851,omnivore,plant_dom,meat/non-vert,mesocarnivore
342,Mustelidae,Leptarctus progressus,NA,NA,NA,NA,omnivore,plant_dom,meat/non-vert,mesocarnivore
343,Mustelidae,Leptarctus supremus,NA,NA,NA,NA,omnivore,plant_dom,meat/non-vert,mesocarnivore
344,Mustelidae,Leptarctus webbi,11.4,0.465,7.396,4.345,omnivore,plant_dom,meat/non-vert,mesocarnivore
345,Mustelidae,Leptarctus woodburnei,11.4,0.518,7.396,4.345,omnivore,plant_dom,meat/non-vert,mesocarnivore
346,Mustelidae,Leptarctus wortmani,11.1,0.558,6.833,3.96,omnivore,plant_dom,meat/non-vert,mesocarnivore
347,Mustelidae,Lutra piscinaria,NA,NA,NA,NA,NA,NA,NA,NA
348,Mustelidae,Martes buwaldi,9.9,0.73,4.864,2.66,NA,NA,meat/non-vert,mesocarnivore
349,Mustelidae,Martes foxi,NA,NA,NA,NA,carnivore,meat,meat/non-vert,mesocarnivore
350,Mustelidae,Martes glarera,NA,NA,NA,NA,NA,NA,NA,NA
351,Mustelidae,Martes nambianus,NA,NA,NA,NA,NA,NA,NA,NA
352,Mustelidae,Martes parviloba,9.016,0.673,3.685,1.921,NA,NA,meat/non-vert,mesocarnivore
353,Mustelidae,Martes stirtoni,NA,NA,NA,NA,carnivore,meat,meat,hypercarnivore
354,Mustelidae,Megalictis ferox,20.461,0.718,42.018,33.266,carnivore,m/bone,meat/bone,hypercarnivore
355,Mustelidae,Megalictis frazieri,16.1,0.658,20.619,14.446,NA,NA,meat,hypercarnivore
356,Mustelidae,Megalictis simplicidens,16.4,NA,21.781,15.405,NA,NA,meat,hypercarnivore
357,Mustelidae,Miomustela madisonae,5.1,0.686,0.678,0.264,carnivore,meat,meat,hypercarnivore
363,Mustelidae,Mustela erminea,5.14,0.641,0.694,0.272,NA,NA,meat,hypercarnivore
364,Mustelidae,Mustela frenata,5.94,0.68,1.067,0.45,carnivore,meat,meat,hypercarnivore
365,Mustelidae,Mustela meltoni,5.6,0.69,0.896,0.366,carnivore,meat,meat,hypercarnivore
366,Mustelidae,Mustela nigripes,8.84,0.689,3.475,1.793,NA,NA,meat,hypercarnivore
367,Mustelidae,Mustela nivalis,4.24,0.57,0.392,0.139,NA,NA,meat,hypercarnivore
368,Mustelidae,Mustela parvus,NA,NA,NA,NA,carnivore,meat,meat,hypercarnivore
369,Mustelidae,Mustela rexroadensis,4.59,0.74,0.496,0.183,carnivore,meat,meat,hypercarnivore
370,Mustelidae,Mustela zibellina americana,NA,NA,NA,NA,NA,NA,NA,NA
371,Mustelidae,Mustelavus priscus,5.7,0.6,0.944,0.389,carnivore,meat,meat/non-vert,mesocarnivore
372,Mustelidae,Neovison vison,8.52,0.634,3.115,1.577,NA,NA,meat,hypercarnivore
373,Mustelidae,Oligobunis crassivultus,13.7,0.767,12.766,8.237,carnivore,meat,meat,mesocarnivore
374,Mustelidae,Oligobunis floridanus,16.4,0.669,21.781,15.405,carnivore,meat,meat,mesocarnivore
375,Mustelidae,Palaeogale dorothiae,4.92,0.67,0.61,0.233,carnivore,meat,meat,hypercarnivore
376,Mustelidae,Palaeogale minuta,NA,NA,NA,NA,NA,NA,NA,NA
377,Mustelidae,Palaeogale sanguinarius,NA,NA,NA,NA,carnivore,meat,meat,hypercarnivore
378,Mustelidae,Palaeogale sectoria,NA,NA,NA,NA,carnivore,meat,meat,hypercarnivore
379,Mustelidae,Paroligobunis petersoni,NA,NA,NA,NA,carnivore,meat,meat,hypercarnivore
380,Mustelidae,Pekania pennanti,12.08,0.672,8.785,5.316,NA,NA,meat/non-vert,mesocarnivore
381,Mustelidae,Plesiogulo lindsayi,27.1,0.705,96.81,88.457,carnivore,m/bone,meat/bone,hypercarnivore
382,Mustelidae,Plesiogulo marshalli,24,0.687,67.488,57.961,carnivore,m/bone,meat/bone,hypercarnivore
383,Mustelidae,Plionictis buwaldi,NA,NA,NA,NA,carnivore,meat,meat/non-vert,mesocarnivore
384,Mustelidae,Plionictis gazini,NA,NA,NA,NA,carnivore,meat,meat/non-vert,mesocarnivore
385,Mustelidae,Plionictis kinseyi,4.2,0.602,0.381,0.135,carnivore,meat,meat/non-vert,mesocarnivore
386,Mustelidae,Plionictis ogygia,6.7,0.653,1.526,0.684,carnivore,meat,meat/non-vert,mesocarnivore
387,Mustelidae,Plionictis oregonensis,8.1,0.619,2.68,1.323,NA,NA,meat/non-vert,mesocarnivore
388,Mustelidae,Pliotaxidea garberi,9.4,0.595,4.171,2.221,omnivore,anim_dom,meat/non-vert,mesocarnivore
389,Mustelidae,Pliotaxidea nevadensis,9.5,0.474,4.304,2.304,omnivore,anim_dom,meat/non-vert,mesocarnivore
390,Mustelidae,Promartes darbyi,NA,NA,NA,NA,carnivore,meat,meat/non-vert,mesocarnivore
391,Mustelidae,Promartes gemmarosae,NA,NA,NA,NA,carnivore,meat,meat/non-vert,mesocarnivore
392,Mustelidae,Promartes lepidus,8.7,0.545,3.314,1.696,carnivore,meat,meat/non-vert,mesocarnivore
393,Mustelidae,Promartes olcotti,NA,NA,NA,NA,carnivore,meat,meat/non-vert,mesocarnivore
394,Mustelidae,Promartes vantasselensis,NA,NA,NA,NA,NA,NA,meat/non-vert,mesocarnivore
396,Mustelidae,Schultzogale inexpecta,NA,NA,NA,NA,NA,NA,NA,NA
397,Mustelidae,Sminthosinis bowleri,9.4,0.649,4.171,2.221,carnivore,meat,meat,hypercarnivore
398,Mustelidae,Sthenictis bellus,NA,NA,NA,NA,carnivore,meat,meat,hypercarnivore
399,Mustelidae,Sthenictis campestris,NA,NA,NA,NA,carnivore,meat,meat,hypercarnivore
400,Mustelidae,Sthenictis dolichops,16.9,0.662,23.814,17.102,carnivore,meat,meat,hypercarnivore
401,Mustelidae,Sthenictis junturensis,12.7,0.59,10.193,6.328,carnivore,meat,meat,hypercarnivore
402,Mustelidae,Sthenictis lacota,18.5,NA,31.153,23.429,carnivore,meat,meat,hypercarnivore
403,Mustelidae,Sthenictis robustus,NA,NA,NA,NA,carnivore,meat,meat,hypercarnivore
404,Mustelidae,Taxidea taxus,13.3,0.568,11.691,7.43,omnivore,anim_dom,meat/non-vert,mesocarnivore
405,Mustelidae,Trigonictis cookii,9.1,0.532,3.788,1.984,NA,NA,meat/non-vert,mesocarnivore
406,Mustelidae,Trigonictis macrodon,14.8,0.677,16.057,10.777,carnivore,meat,meat,hypercarnivore
407,Mustelidae,Zodiolestes daimonelixensis,12.3,0.71,9.269,5.661,NA,NA,meat,hypercarnivore
408,Mustelidae,Zodiolestes freundi,NA,NA,NA,NA,NA,NA,NA,NA
409,Nimravidae,Dinaelurus crassus,NA,NA,NA,NA,carnivore,meat_only,meat,hypercarnivore
410,Nimravidae,Dinictis felina,17.638,0.821,27.036,44.84,carnivore,meat_only,meat,hypercarnivore
411,Nimravidae,Hoplophoneus cerebralis,14.11,NA,13.935,22.702,NA,NA,NA,NA
412,Nimravidae,Hoplophoneus occidentalis,21.726,0.927,50.215,84.681,carnivore,meat_only,meat,hypercarnivore
413,Nimravidae,Hoplophoneus primaevus,17.724,0.909,27.429,45.509,carnivore,meat_only,meat,hypercarnivore
414,Nimravidae,Hoplophoneus strigidens,NA,NA,NA,NA,NA,NA,NA,NA
415,Nimravidae,Nanosmilus kurteni,14.84,NA,16.187,26.477,carnivore,meat_only,meat,hypercarnivore
416,Nimravidae,Nimravus brachyops,24.142,0.841,68.681,116.805,carnivore,meat_only,meat,hypercarnivore
417,Nimravidae,Pogonodon davisi,22.949,0.872,59.082,100.073,carnivore,meat_only,meat,hypercarnivore
418,Nimravidae,Pogonodon platycopis,24.496,0.882,71.715,122.107,NA,NA,meat,hypercarnivore
419,Oxyaenidae,Ambloctonus major,NA,NA,NA,NA,NA,NA,NA,NA
420,Oxyaenidae,Ambloctonus priscus,NA,NA,NA,NA,NA,NA,NA,NA
421,Oxyaenidae,Ambloctonus sinosus,NA,NA,NA,NA,NA,NA,NA,NA
422,Oxyaenidae,Apataelurus kayi,15.488,0.989,18.377,18.377,NA,NA,meat,hypercarnivore
423,Oxyaenidae,Dipsalidictis aequidens,11.699,0.624,7.987,7.987,NA,NA,NA,NA
424,Oxyaenidae,Dipsalidictis krausei,NA,0.612,NA,NA,NA,NA,NA,NA
425,Oxyaenidae,Dipsalidictis platypus,8.805,0.557,3.434,3.434,NA,NA,NA,NA
426,Oxyaenidae,Dipsalidictis transiens,13.55,0.559,12.355,12.355,NA,NA,NA,NA
427,Oxyaenidae,Dipsalodon churchillorum,12.754,0.595,10.322,10.322,NA,NA,NA,NA
428,Oxyaenidae,Dipsalodon matthewi,NA,NA,NA,NA,NA,NA,NA,NA
429,Oxyaenidae,Machaeroides eothen,NA,NA,NA,NA,NA,NA,NA,NA
430,Oxyaenidae,Machaeroides simpsoni,7.11,NA,1.82,1.82,NA,NA,NA,NA
431,Oxyaenidae,Malfelis badwaterensis,NA,NA,NA,NA,NA,NA,NA,NA
432,Oxyaenidae,Oxyaena forcipata,21.235,0.68,46.922,46.922,NA,NA,NA,NA
433,Oxyaenidae,Oxyaena gulo,13.751,0.655,12.907,12.907,NA,NA,NA,NA
434,Oxyaenidae,Oxyaena intermedia,17.219,0.668,25.172,25.172,NA,NA,NA,NA
435,Oxyaenidae,Oxyaena lupina,14.845,0.702,16.203,16.203,NA,NA,NA,NA
436,Oxyaenidae,Oxyaena pardalis,NA,0.72,NA,NA,NA,NA,NA,NA
437,Oxyaenidae,Oxyaena simpsoni,NA,NA,NA,NA,NA,NA,NA,NA
438,Oxyaenidae,Palaeonictis occidentalis,10.818,0.68,6.33,6.33,NA,NA,NA,NA
439,Oxyaenidae,Palaeonictis peloria,13.305,0.785,11.704,11.704,NA,NA,NA,NA
440,Oxyaenidae,Patriofelis ferox,22.411,0.967,55.064,55.064,NA,NA,NA,NA
441,Oxyaenidae,Patriofelis ulta,18.401,0.944,30.66,30.66,NA,NA,meat,hypercarnivore
442,Oxyaenidae,Tytthaena lichna,5.883,0.555,1.037,1.037,NA,NA,NA,NA
443,Oxyaenidae,Tytthaena parrisi,6.198,0.517,1.211,1.211,NA,NA,NA,NA
444,Procyonidae,Acheronictis webbi,NA,NA,NA,NA,carnivore,meat,meat/non-vert,mesocarnivore
445,Procyonidae,Amphictis schlosseri,NA,NA,NA,NA,omnivore,anim_dom,nonvert/meat,hypocarnivore
446,Procyonidae,Arctonasua eurybates,15.2,0.493,17.381,11.825,omnivore,anim_dom,nonvert/meat,hypocarnivore
447,Procyonidae,Arctonasua floridana,15.1,0.533,17.044,11.557,omnivore,anim_dom,nonvert/meat,hypocarnivore
448,Procyonidae,Arctonasua fricki,NA,NA,NA,NA,omnivore,anim_dom,nonvert/meat,hypocarnivore
449,Procyonidae,Arctonasua gracilis,13.7,0.458,12.766,8.237,omnivore,anim_dom,nonvert/meat,hypocarnivore
450,Procyonidae,Arctonasua minima,11.9,0.567,8.402,5.045,omnivore,anim_dom,nonvert/meat,hypocarnivore
451,Procyonidae,Bassaricyonoides phyllismillerae,8.1,0.519,2.68,1.323,NA,NA,nonvert/meat,hypocarnivore
452,Procyonidae,Bassaricyonoides stewartae,NA,NA,NA,NA,omnivore,anim_dom,nonvert/meat,hypocarnivore
453,Procyonidae,Bassariscus antiquus,7,0.629,1.738,0.796,omnivore,anim_dom,meat/non-vert,mesocarnivore
454,Procyonidae,Bassariscus astutus,7.82,0.59,2.414,1.17,NA,NA,meat/non-vert,mesocarnivore
455,Procyonidae,Bassariscus casei,7.4,0.649,2.049,0.966,omnivore,anim_dom,meat/non-vert,mesocarnivore
456,Procyonidae,Bassariscus lycopotamicus,NA,NA,NA,NA,NA,NA,meat/non-vert,mesocarnivore
457,Procyonidae,Bassariscus minimus,6.2,0.66,1.212,0.522,omnivore,anim_dom,meat/non-vert,mesocarnivore
458,Procyonidae,Bassariscus ogallalae,7,0.571,1.738,0.796,omnivore,anim_dom,meat/non-vert,mesocarnivore
459,Procyonidae,Bassariscus parvus,6.8,0.632,1.594,0.72,omnivore,anim_dom,meat/non-vert,mesocarnivore
460,Procyonidae,Edaphocyon lautus,NA,NA,NA,NA,omnivore,anim_dom,meat/non-vert,mesocarnivore
461,Procyonidae,Edaphocyon palmeri,NA,NA,NA,NA,NA,NA,NA,NA
462,Procyonidae,Edaphocyon pointblankensis,NA,NA,NA,NA,omnivore,anim_dom,NA,NA
463,Procyonidae,Nasua narica,NA,NA,NA,NA,NA,NA,NA,NA
464,Procyonidae,Nasua pronarica,NA,NA,NA,NA,omnivore,anim_dom,NA,NA
465,Procyonidae,Paranasua biradica,NA,NA,NA,NA,omnivore,anim_dom,NA,NA
466,Procyonidae,Parapotos tedfordi,8.9,0.483,3.546,1.836,NA,NA,meat/non-vert,mesocarnivore
467,Procyonidae,Probassariscus matthewi,7.5,0.52,2.133,1.012,omnivore,anim_dom,meat/non-vert,mesocarnivore
468,Procyonidae,Procyon lotor,12.7,0.518,10.193,6.328,omnivore,anim_dom,Minimal meat,hypocarnivore
469,Procyonidae,Procyon rexroadensis,NA,NA,NA,NA,omnivore,anim_dom,NA,NA
470,Procyonidae,Protoprocyon savagei,7.4,0.597,2.049,0.966,omnivore,anim_dom,meat/non-vert,mesocarnivore
471,Ursidae,Agriotherium gregoryi,NA,NA,NA,NA,NA,NA,NA,NA
472,Ursidae,Agriotherium schneideri,42.9,NA,378.79,114.79,carnivore,meat,meat/non-vert,mesocarnivore
473,Ursidae,Allocyon loganensis,14.5,0.48,15.11,67.464,carnivore,meat,meat/non-vert,mesocarnivore
474,Ursidae,Arctodus pristinus,26.68,0.59,92.421,90.956,omnivore,anim_dom,meat/non-vert,mesocarnivore
475,Ursidae,Arctodus simus,33.85,0.645,187.408,102.208,NA,NA,meat/non-vert,mesocarnivore
476,Ursidae,Hemicyon barbouri,29.5,NA,124.558,95.546,carnivore,meat,meat,hypercarnivore
477,Ursidae,Indarctos oregonensis,NA,NA,NA,NA,carnivore,meat,NA,NA
480,Ursidae,Parictis dakotensis,8.795,0.63,3.423,52.805,carnivore,meat,meat/non-vert,mesocarnivore
481,Ursidae,Parictis gilpini,7.84,0.657,2.433,49.913,carnivore,meat,meat/non-vert,mesocarnivore
482,Ursidae,Parictis major,10.73,0.648,6.178,58.209,carnivore,meat,meat/non-vert,mesocarnivore
483,Ursidae,Parictis montanus,7.7,0.632,2.306,49.474,carnivore,meat,meat/non-vert,mesocarnivore
484,Ursidae,Parictis parvus,6.4,0.609,1.332,45.189,carnivore,meat,meat/non-vert,mesocarnivore
485,Ursidae,Parictis personi,NA,NA,NA,NA,carnivore,meat,NA,NA
486,Ursidae,Parictis primaevus,NA,NA,NA,NA,carnivore,meat,NA,NA
487,Ursidae,Phoberocyon johnhenryi,34,0.677,189.886,102.429,carnivore,meat,meat,hypercarnivore
488,Ursidae,Phoberogale shareri,NA,NA,NA,NA,carnivore,meat,NA,NA
489,Ursidae,Plionarctos edensis,NA,NA,NA,NA,omnivore,anim_dom,meat/non-vert,mesocarnivore
490,Ursidae,Plithocyon barstowensis,29,NA,118.392,94.749,carnivore,meat,meat/non-vert,mesocarnivore
491,Ursidae,Plithocyon ursinus,35.4,NA,214.062,104.475,NA,NA,meat/non-vert,mesocarnivore
492,Ursidae,Tremarctos floridanus,20.8,0.428,44.121,80.51,omnivore,anim_dom,Minimal meat,hypocarnivore
493,Ursidae,Ursavus brevirhinus,14.3,NA,14.499,67.006,omnivore,anim_dom,meat/non-vert,mesocarnivore
494,Ursidae,Ursavus pawniensis,NA,NA,NA,NA,omnivore,anim_dom,meat/non-vert,mesocarnivore
495,Ursidae,Ursavus primaevus,NA,NA,NA,NA,omnivore,anim_dom,meat/non-vert,mesocarnivore
496,Ursidae,Ursus abstrusus,20.7,0.63,43.494,80.32,omnivore,anim_dom,meat/non-vert,mesocarnivore
497,Ursidae,Ursus americanus,18.65,0.477,31.909,76.319,NA,NA,Minimal meat,hypocarnivore
498,Ursidae,Ursus arctos,25.55,0.616,81.274,89.047,NA,NA,meat/non-vert,mesocarnivore
499,Viverravidae,Bryanictis microlestes,4.627,0.554,0.508,0.508,carnivore,meat,meat/non-vert,mesocarnivore
500,Viverravidae,Didymictis altidens,12.731,0.53,10.268,10.268,carnivore,meat,meat/non-vert,mesocarnivore
501,Viverravidae,Didymictis dellensis,8.533,0.635,3.129,3.129,NA,NA,meat/non-vert,mesocarnivore
502,Viverravidae,Didymictis protenus,10.415,0.542,5.655,5.655,carnivore,meat,meat/non-vert,mesocarnivore
503,Viverravidae,Didymictis vancleveae,18.488,0.558,31.093,31.093,NA,NA,meat/non-vert,mesocarnivore
504,Viverravidae,Ictidopappus mustelinus,3.835,0.645,0.291,0.291,carnivore,meat,meat/non-vert,mesocarnivore
505,Viverravidae,Intyrictis vanvaleni,4.314,0.571,0.413,0.413,carnivore,meat,meat/non-vert,mesocarnivore
506,Viverravidae,Protictis agastor,7.673,0.574,2.282,2.282,carnivore,meat,meat/non-vert,mesocarnivore
507,Viverravidae,Protictis haydenianus,7.832,0.589,2.426,2.426,carnivore,meat,meat/non-vert,mesocarnivore
508,Viverravidae,Protictis paralus,4.403,0.676,0.438,0.438,carnivore,meat,meat/non-vert,mesocarnivore
509,Viverravidae,Protictoides aprophatos,NA,NA,NA,NA,NA,NA,NA,NA
510,Viverravidae,Raphictis gausion,3.898,0.625,0.305,0.305,carnivore,meat,meat/non-vert,mesocarnivore
511,Viverravidae,Simpsonictis jaynanneae,NA,NA,NA,NA,carnivore,meat,meat/non-vert,mesocarnivore
512,Viverravidae,Simpsonictis pegus,3.964,0.545,0.321,0.321,carnivore,meat,meat/non-vert,mesocarnivore
513,Viverravidae,Simpsonictis tenuis,3.016,0.64,0.143,0.143,carnivore,meat,meat/non-vert,mesocarnivore
514,Viverravidae,Viverravus acutus,4.555,0.571,0.485,0.485,carnivore,meat,meat/non-vert,mesocarnivore
515,Viverravidae,Viverravus gracilis,5.317,0.602,0.768,0.768,carnivore,meat,meat/non-vert,mesocarnivore
516,Viverravidae,Viverravus laytoni,3.62,0.594,0.245,0.245,NA,NA,meat/non-vert,mesocarnivore
517,Viverravidae,Viverravus lutosus,4.62,0.604,0.506,0.506,carnivore,meat,meat/non-vert,mesocarnivore
518,Viverravidae,Viverravus minutus,4.521,0.577,0.474,0.474,carnivore,meat,meat/non-vert,mesocarnivore
519,Viverravidae,Viverravus politus,6.114,0.698,1.162,1.162,carnivore,meat,meat/non-vert,mesocarnivore
520,Viverravidae,Viverravus schaffi,5.658,0.653,0.923,0.923,NA,NA,meat/non-vert,mesocarnivore
521,Viverravidae,Viverravus sicarius,NA,0.662,NA,NA,carnivore,meat,meat/non-vert,mesocarnivore