Family_Assignment,MASTER_LIST,Max_Age,Min_Age,m1L,rbl,bodymass (kg),Citation
Ailuridae,Alopecocyon leardi,11.5,9.07,NA,NA,NA,
Ailuridae,Pristinailurus bristoli,7.5,2.63,12.699,0.62,6.326,Van Valkenburgh 1990 regression
Ailuridae,Simocyon primigenius,9,7.2,24.941,0.713,66.261,Van Valkenburgh 1990 regression
Amphicyonidae,Adilophontes brachykolos,19.5,18.5,28.696,0.643,125,"Figueirido et al. 2011 (table 6, GM)"
Amphicyonidae,Amphicyon frendens,18.8,14.8,36.755,0.657,432,"Figueirido et al. 2011 (table 6, GM)"
Amphicyonidae,Amphicyon galushai,18.8,17.34,29.176,0.688,187,"Figueirido et al. 2011 (table 6, GM)"
Amphicyonidae,Amphicyon ingens,15.97,12.5,39.088,0.688,547,"Figueirido et al. 2011 (table 6, GM)"
Amphicyonidae,Amphicyon longiramus,18.8,12.5,32,0.65,195,"using Fig et al, 2011 regression"
Amphicyonidae,Amphicyon pontoni,17,12.5,NA,NA,NA,
Amphicyonidae,Amphicyon reinheimeri,15.97,12.5,NA,NA,NA,
Amphicyonidae,Amphicyon riggsi,18.8,15.9,NA,NA,NA,
Amphicyonidae,Angelarctocyon australis,39.83,37.39,7.81,0.617,2,"using Fig et al, 2011 regression"
Amphicyonidae,Brachyrhynchocyon dodgei,37.39,33.9,14.2,0.73,14,"using Fig et al, 2011 regression"
Amphicyonidae,Brachyrhynchocyon montanus,35.24,34.7,11.9,NA,7.8,"using Fig et al, 2011 regression"
Amphicyonidae,Cynelos caroniavorus,18.5,15.97,15,0.6,16.6,"using Fig et al, 2011 regression"
Amphicyonidae,Cynelos idoneus,17.5,14.8,27.382,0.659,117,"using Fig et al, 2011 regression"
Amphicyonidae,Cynelos sinapius,16.3,12.5,36.14,0.619,291,"using Fig et al, 2011 regression"
Amphicyonidae,Daphoenictis tedfordi,39.83,33.9,16.2,0.74,21,"using Fig et al, 2011 regression"
Amphicyonidae,Daphoenodon (Borocyon) neomexicanus,19.5,18.5,27.295,0.675,86,"Figueirido et al. 2011 (table 6, GM)"
Amphicyonidae,Daphoenodon (Borocyon) niobrarensis,18.5,12.57,28.25,0.667,130,"using Fig et al, 2011 regression"
Amphicyonidae,Daphoenodon (Borocyon) robustum,19.5,14.78,30.687,0.674,171,"using Fig et al, 2011 regression"
Amphicyonidae,Daphoenodon falkenbachi,19.5,18.5,29.2,0.677,137,"Figueirido et al. 2011 (table 6, GM)"
Amphicyonidae,Daphoenodon minor,22.2,19.09,NA,NA,NA,
Amphicyonidae,Daphoenodon notionastes,28,19.09,21.6,0.625,54.5,"using Fig et al, 2011 regression"
Amphicyonidae,Daphoenodon skinneri,19.5,18.5,24.75,0.693,40,"Figueirido et al. 2011 (table 6, GM)"
Amphicyonidae,Daphoenodon superbus,23.8,18.5,25.805,0.675,97,"using Fig et al, 2011 regression"
Amphicyonidae,Daphoenus hartshornianus,32.1,28,14.47,0.663,11,"Figueirido et al. 2011 (table 6, GM)"
Amphicyonidae,Daphoenus ruber,27.9,24.6,NA,NA,NA,
Amphicyonidae,Daphoenus socialis,30.5,19.09,17.1,0.67,25.5,"using Fig et al, 2011 regression"
Amphicyonidae,Daphoenus transversus,29.8,23.8,NA,NA,NA,
Amphicyonidae,Daphoenus vetus,35.92,23.8,15.36,0.67,25,"Figueirido et al. 2011 (table 6, GM)"
Amphicyonidae,Gustafsonia cognita,37.39,35.92,NA,NA,NA,
Amphicyonidae,Ischyrocyon gidleyi,15.97,9.07,42.99,0.696,391,Figueirido et al. 2011 (avg of GM for  Ba and Cl)
Amphicyonidae,Mammacyon obtusidens,28,19.09,23.38,0.691,70,"using Fig et al, 2011 regression"
Amphicyonidae,Paradaphoenus cuspigerus,29.8,22.2,9.15,0.621,4,"Figueirido et al. 2011 (table 6, GM)"
Amphicyonidae,Paradaphoenus minimus,33.9,32.1,8.367,0.614,2.5,"using Fig et al, 2011 regression"
Amphicyonidae,Paradaphoenus tooheyi,32.1,27.9,7.512,0.685,1.7,"using Fig et al, 2011 regression"
Amphicyonidae,Pliocyon medius,17,12.5,28.568,0.67,128,"Figueirido et al. 2011 (table 6, GM)"
Amphicyonidae,Pliocyon ossifragus,15.9,14.8,NA,NA,NA,
Amphicyonidae,Pliocyon robustus,14.78,11.5,33.2,0.704,221,"using Fig et al, 2011 regression"
Amphicyonidae,Temnocyon altigenis,31.4,19.09,18.225,0.665,31,"using Fig et al, 2011 regression"
Amphicyonidae,Temnocyon percussor,23.8,18.8,23.48,0.709,71,"using Fig et al, 2011 regression"
Amphicyonidae,Temnocyon typicus,30,23.8,NA,NA,NA,
Amphicyonidae,Ysengrinia americana,23.8,17.34,28.25,0.723,185,"Figueirido et al. 2011 (table 6, GM)"
Barbourofelidae,Barbourofelis fricki,10,5.9,37.612,1,256.283,Van Valkenburgh 1990 regression
Barbourofelidae,Barbourofelis loveorum,10.09,7.5,32.1,NA,160.074,Van Valkenburgh 1990 regression
Barbourofelidae,Barbourofelis morrisi,12.2,6.88,26.32,0.822,113,Anyonge 1993
Barbourofelidae,Barbourofelis whitfordi,12.11,6.7,24.62,1,72.799,Van Valkenburgh 1990 regression
Canidae,Aelurodon asthenostylus,15.97,12.5,26.01,0.734,23,"VanV, Sacco and Wang"
Canidae,Aelurodon ferox,15.97,7.59,28.24,0.759,31,"VanV, Sacco and Wang"
Canidae,Aelurodon mcgrewi,14.78,12.2,25.67,0.802,29,"VanV, Sacco and Wang"
Canidae,Aelurodon montanensis,15.97,14.78,26.4,0.748,20,"VanV, Sacco and Wang"
Canidae,Aelurodon stirtoni,14.8,12.11,24.69,0.765,26,Finnarelli and Flynn 2006
Canidae,Aelurodon taxoides,15.97,6.7,30.05,0.764,41,"VanV, Sacco and Wang"
Canidae,Alopex lagopus,0.042,0.002,NA,NA,NA,
Canidae,Archaeocyon falkenbachi,28,22.2,NA,NA,NA,
Canidae,Archaeocyon leptodus,32.2,22.2,9.13,0.657,1.8,Finnarelli and Flynn 2006
Canidae,Archaeocyon pavidus,32.1,27.9,7.65,0.65,1.02,Finnarelli and Flynn 2006
Canidae,Borophagus diversidens,7.59,0.9,32.91,0.71,63.97,Finnarelli and Flynn 2006
Canidae,Borophagus dudleyi,5.91,4.7,NA,NA,NA,
Canidae,Borophagus hilli,5.91,2.63,29.88,0.7,46.1,Finnarelli and Flynn 2006
Canidae,Borophagus littoralis,12.57,4.91,26.5,0.67,32,Finnarelli and Flynn 2006
Canidae,Borophagus orc,7.59,6.7,22.15,0.71,20.7,Finnarelli and Flynn 2006
Canidae,Borophagus parvus,6.88,4.7,23.76,0.63,24,Finnarelli and Flynn 2006
Canidae,Borophagus pugnator,9.07,4.7,26.88,0.67,32.6,Finnarelli and Flynn 2006
Canidae,Borophagus secundus,9,4.7,26.92,0.758,23,"VanV, Sacco and Wang"
Canidae,Caedocyon tedfordi,31.4,23.8,19,NA,12.804,Van Valkenburgh 1990 regression
Canidae,Canis armbrusteri,2.63,0.39,29.54,0.758,47.5,Finnarelli and Flynn 2006
Canidae,Canis dirus,0.11,0.011,33.39,0.689,64,Anyonge and Roman 2006
Canidae,Canis edwardii,4.91,0.39,24.95,0.694,28.4,Finnarelli and Flynn 2006
Canidae,Canis familiaris,0.042,0,NA,NA,NA,
Canidae,Canis ferox,7.59,2.63,19.93,0.662,13.967,Van Valkenburgh 1990 regression
Canidae,Canis latrans,0.4,0,21.16,0.643,15.575,Van Valkenburgh 1990 regression
Canidae,Canis lepophagus,5.9,0.9,20.63,0.727,14.873,Van Valkenburgh 1990 regression
Canidae,Canis lupus,0.4,0,27.6,0.646,44,based on extant CLU
Canidae,Canis rufus,0.003,0.001,NA,NA,NA,
Canidae,Canis thooides,2.63,1.8,18.35,0.716,12.018,Van Valkenburgh 1990 regression
Canidae,Carpocyon compressus,15.97,12,20.94,0.669,16,"VanV, Sacco and Wang"
Canidae,Carpocyon limosus,9.07,4.7,NA,NA,NA,Van Valkenburgh 1990 regression
Canidae,Carpocyon robustus,12.57,9,23.84,0.69,22.5,Finnarelli and Flynn 2006
Canidae,Carpocyon webbi,14.8,6.7,24.65,0.767,25,Finnarelli and Flynn 2006
Canidae,Cerdocyon texanus,5.91,4.7,14.65,0.748,7.977,Van Valkenburgh 1990 regression
Canidae,Chrysocyon nearcticus,4.91,1.8,21.49,0.714,16.02,Van Valkenburgh 1990 regression
Canidae,Cormocyon copei,29.8,17.5,11.49,0.674,5,"VanV, Sacco and Wang"
Canidae,Cormocyon haydeni,35.24,18.5,11.5,0.691,4,"VanV, Sacco and Wang"
Canidae,Cynarctoides acridens,28,14.78,8.93,0.657,1.4,Finnarelli and Flynn 2006
Canidae,Cynarctoides emryi,19.5,17.34,7.62,0.541,1.2,Finnarelli and Flynn 2006
Canidae,Cynarctoides gawnae,18.8,17.34,7.87,0.675,1.03,Finnarelli and Flynn 2006
Canidae,Cynarctoides harlowi,22.2,18.8,6.6,0.62,0.67,Finnarelli and Flynn 2006
Canidae,Cynarctoides lemur,32.1,19.09,7.38,0.64,1.18,Finnarelli and Flynn 2006
Canidae,Cynarctoides luskensis,22.6,18.5,7.55,0.58,1.08,Finnarelli and Flynn 2006
Canidae,Cynarctoides roii,29.75,27.9,6.38,0.628,0.76,Finnarelli and Flynn 2006
Canidae,Cynarctoides whistleri,29.75,15.9,6.67,0.631,1.905,Van Valkenburgh 1990 regression
Canidae,Cynarctus crucidens,12.2,9.07,11.25,0.54,2.7,Finnarelli and Flynn 2006
Canidae,Cynarctus galushai,15.97,12.5,16.09,0.672,7.48,Finnarelli and Flynn 2006
Canidae,Cynarctus marylandica,15.97,14.78,NA,NA,NA,
Canidae,Cynarctus saxatilis,15.97,12.5,16.68,0.58,7.86,Finnarelli and Flynn 2006
Canidae,Cynarctus voorhiesi,12.57,12.11,13.9,0.558,4.56,Finnarelli and Flynn 2006
Canidae,Cynodesmus martini,30,28,20.1,0.771,17.44,Finnarelli and Flynn 2006
Canidae,Cynodesmus thooides,32.1,22.2,16.13,0.711,9.06,Finnarelli and Flynn 2006
Canidae,Desmocyon matthewi,18.8,17.34,14.83,0.674,8,"VanV, Sacco and Wan"
Canidae,Desmocyon thomsoni,28.7,17.34,13.73,0.677,7,"VanV, Sacco and Wan"
Canidae,Ectopocynus antiquus,32.1,27.9,15.4,0.714,7.3,Finnarelli and Flynn 2006
Canidae,Ectopocynus intermedius,29.75,27.9,18.7,0.743,15.6,Finnarelli and Flynn 2006
Canidae,Ectopocynus simplicidens,18.8,17.34,22.03,0.723,23.1,Finnarelli and Flynn 2006
Canidae,Enhydrocyon basilatus,28,19.09,24.5,0.78,28.99,Finnarelli and Flynn 2006
Canidae,Enhydrocyon crassidens,28,19.09,23.25,0.766,23.87,Finnarelli and Flynn 2006
Canidae,Enhydrocyon pahinsintewakpa,30,22.2,21.45,0.748,18.71,Finnarelli and Flynn 2006
Canidae,Enhydrocyon stenocephalus,31.4,22.2,20,0.775,20.74,Finnarelli and Flynn 2006
Canidae,Epicyon aelurodontoides,9.07,7.5,NA,NA,NA,
Canidae,Epicyon haydeni,12.57,4.7,36.25,0.883,75,"VanV, Sacco and Wang"
Canidae,Epicyon saevus,14.78,4.7,29.09,0.718,28,"VanV, Sacco and Wan"
Canidae,Eucyon davisi,15.97,4.7,17.07,0.68,9,Finnarelli and Flynn 2006
Canidae,Eucyon skinneri,12.11,9.07,16.05,0.623,9.418,Van Valkenburgh 1990 regression
Canidae,Euoplocyon brachygnathus,15.97,12.5,18.18,0.722,9.5,Finnarelli and Flynn 2006
Canidae,Euoplocyon spissidens,18.5,15.97,16.4,0.62,8.2,Finnarelli and Flynn 2006
Canidae,Hesperocyon coloradensis,33.9,32.1,11.04,0.639,4.767,Van Valkenburgh 1990 regression
Canidae,Hesperocyon gregarius,35.92,27.9,9.53,0.696,3.647,Van Valkenburgh 1990 regression
Canidae,Leptocyon delicatus,28,22.2,6.3,0.735,1.717,Van Valkenburgh 1990 regression
Canidae,Leptocyon douglassi,30,22.2,8.9,0.697,3.22,Van Valkenburgh 1990 regression
Canidae,Leptocyon gregorii,28,18.5,10,0.71,3.981,Van Valkenburgh 1990 regression
Canidae,Leptocyon leidyi,18.8,7.59,10.63,0.683,4.449,Van Valkenburgh 1990 regression
Canidae,Leptocyon matthewi,12.2,9.07,13.09,0.675,6.499,Van Valkenburgh 1990 regression
Canidae,Leptocyon mollis,29.8,27.9,9.38,0.651,3.543,Van Valkenburgh 1990 regression
Canidae,Leptocyon tejonensis,12.5,10.09,11.8,0.629,5.381,Van Valkenburgh 1990 regression
Canidae,Leptocyon vafer,27.9,7.59,11.75,0.685,3.6,Finnarelli and Flynn 2006
Canidae,Leptocyon vulpinus,28,17.34,10.99,0.692,3.7,Finnarelli and Flynn 2006
Canidae,Mesocyon brachyops,30.5,22.2,14.63,0.709,7.3,Finnarelli and Flynn 2006
Canidae,Mesocyon coryphaeus,30.5,23.8,16.75,0.7,10.4,Finnarelli and Flynn 2006
Canidae,Mesocyon temnodon,33.9,22.2,13.78,0.678,7.136,Van Valkenburgh 1990 regression
Canidae,Metalopex bakeri,7.59,6.7,12.5,0.642,5.976,Van Valkenburgh 1990 regression
Canidae,Metalopex macconnelli,12.57,6.7,12.37,0.695,5.863,Van Valkenburgh 1990 regression
Canidae,Metalopex merriami,9.07,2.63,14.55,0.66,7.878,Van Valkenburgh 1990 regression
Canidae,Metatomarctus canavus,18.8,15.97,17.65,0.66,10.3,Finnarelli and Flynn 2006
Canidae,Microtomarctus conferta,17.5,12.5,15.86,0.692,7,"VanV, Sacco and Wang"
Canidae,Osbornodon brachypus,19.5,18.5,19.51,0.723,13.436,Van Valkenburgh 1990 regression
Canidae,Osbornodon fricki,17.34,14.78,28.09,0.735,38.3,Finnarelli and Flynn 2006
Canidae,Osbornodon iamonensis,28,15.97,19.93,0.681,15.6,Finnarelli and Flynn 2006
Canidae,Osbornodon renjiei,33.9,29.75,12.33,0.667,4.98,Finnarelli and Flynn 2006
Canidae,Osbornodon sesnoni,32.1,28,14.68,0.7,7.66,Finnarelli and Flynn 2006
Canidae,Osbornodon wangi,28,22.2,NA,NA,NA,
Canidae,Otarocyon cooki,29.75,19.5,6.2,0.613,0.8,Finnarelli and Flynn 2006
Canidae,Otarocyon macdonaldi,33.9,32.1,6.2,0.661,0.7,Finnarelli and Flynn 2006
Canidae,Oxetocyon cuspidatus,32.1,27.9,7.63,0.6,1.1,Finnarelli and Flynn 2006
Canidae,Paracynarctus kelloggi,18.8,9,15.32,0.655,6.8,Finnarelli and Flynn 2006
Canidae,Paracynarctus sinclairi,15.97,14.78,14.7,0.67,7.7,Finnarelli and Flynn 2006
Canidae,Paraenhydrocyon josephi,32.1,19.09,14.46,0.71,6.9,Finnarelli and Flynn 2006
Canidae,Paraenhydrocyon robustus,27,18.5,15.8,0.703,8.52,Finnarelli and Flynn 2006
Canidae,Paraenhydrocyon wallovianus,28,17.34,19.83,0.71,13.7,Finnarelli and Flynn 2006
Canidae,Paratomarctus euthos,12.57,9.07,20.34,0.644,12,"VanV, Sacco and Wang"
Canidae,Paratomarctus temerarius,17.5,11.2,18.74,0.704,11,"VanV, Sacco and Wang"
Canidae,Philotrox condoni,30.5,23.8,18.28,0.733,8.76,Finnarelli and Flynn 2006
Canidae,Phlaocyon achoros,23.8,19.09,8.5,0.651,1.33,Finnarelli and Flynn 2006
Canidae,Phlaocyon annectens,27.9,18.5,6,0.63,1.94,Finnarelli and Flynn 2006
Canidae,Phlaocyon latidens,31.4,27.9,8.23,0.651,1.45,Finnarelli and Flynn 2006
Canidae,Phlaocyon leucosteus,28,15.97,9.76,0.69,3,"VanV, Sacco and Wang"
Canidae,Phlaocyon mariae,18.8,17.34,NA,NA,NA,
Canidae,Phlaocyon marslandensis,18.8,17.34,11.2,0.58,3.8,Finnarelli and Flynn 2006
Canidae,Phlaocyon minor,29.75,17.34,9.5,0.635,1.9,Finnarelli and Flynn 2006
Canidae,Phlaocyon multicuspus,19.5,18.5,NA,NA,NA,
Canidae,Phlaocyon taylori,29.75,17.5,6.87,0.636,2.01,Van Valkenburgh 1990 regression
Canidae,Phlaocyon yatkolai,18.8,17.34,16.2,0.6,9.7,Finnarelli and Flynn 2006
Canidae,Prohesperocyon wilsoni,35.92,35.24,8.958,0.587,2.5,Finnarelli and Flynn 2006
Canidae,Protepicyon raki,15.97,12.5,27.5,0.72,23,"VanV, Sacco and Wang"
Canidae,Protomarctus optatus,19.5,14.8,18.28,0.672,10.3,Finnarelli and Flynn 2006
Canidae,Psalidocyon marianae,15.97,14.78,16,0.669,9,"VanV, Sacco and Wang"
Canidae,Rhizocyon oregonensis,30.5,23.8,9.03,0.658,1.7,Finnarelli and Flynn 2006
Canidae,Sunkahetanka geringensis,30,23.8,17.63,0.742,12.6,Finnarelli and Flynn 2006
Canidae,Tephrocyon rurestris,15.97,12.5,20.8,0.722,11.4,Finnarelli and Flynn 2006
Canidae,Tephrocyon scitulus,18.8,15.9,17.76,0.702,11.324,Van Valkenburgh 1990 regression
Canidae,Theriodictis floridanus,2.63,1.8,24.1,0.7,19.737,Van Valkenburgh 1990 regression
Canidae,Tomarctus brevirostris,15.97,12.5,23.08,0.724,18,"VanV, Sacco and Wang"
Canidae,Tomarctus hippophaga,17.3,9.5,19.45,0.701,14,"VanV, Sacco and Wang"
Canidae,Urocyon cinereoargenteus,0.11,0,11.2,0.613,3.8,Finnarelli and Flynn 2006
Canidae,Urocyon citrinus,2.63,1.8,12.14,0.608,5.666,Van Valkenburgh 1990 regression
Canidae,Urocyon galushai,4.91,0.9,11.75,NA,5.339,Van Valkenburgh 1990 regression
Canidae,Urocyon minicephalus,0.9,0.39,11.65,0.536,5.257,Van Valkenburgh 1990 regression
Canidae,Urocyon progressus,4.91,2.63,NA,NA,NA,
Canidae,Urocyon webbi,7.5,6.7,12.3,0.568,5.803,Van Valkenburgh 1990 regression
Canidae,Vulpes kernensis,9,6.7,11.8,0.675,5.381,Van Valkenburgh 1990 regression
Canidae,Vulpes shermanensis,5.91,4.91,NA,NA,NA,
Canidae,Vulpes stenognathus,9.07,4.7,14.9,0.691,8.226,Van Valkenburgh 1990 regression
Canidae,Vulpes velox,4.91,0,13.03,0.665,6.445,Van Valkenburgh 1990 regression
Canidae,Vulpes vulpes,0.11,0,16.04,0.629,9.407,Van Valkenburgh 1990 regression
Felidae,Adelphailurus kansensis,6.88,4.7,19.085,1,57.031,Van Valkenburgh 1990 regression
Felidae,Amphimachairodus coloradensis,9.07,4.7,31.138,0.986,253.826,Van Valkenburgh 1990 regression
Felidae,Dinobastis ischyrus,4.91,2.63,28.5,0.993,193.766,Van Valkenburgh 1990 regression
Felidae,Dinofelis palaeoonca,2.63,1.8,23.9,1,113.27,Van Valkenburgh 1990 regression
Felidae,Felis domesticus,0.012,0,NA,NA,NA,
Felidae,Felis rexroadensis,5.91,1.8,15.5,1,30.235,Van Valkenburgh 1990 regression
Felidae,Homotherium serum,1.5,0.011,26.377,1,153.016,Van Valkenburgh 1990 regression
Felidae,Homotherium sp.,4.91,1.8,29.63,1,218.163,Van Valkenburgh 1990 regression
Felidae,Lynx canadensis,0.042,0.001,NA,NA,NA,
Felidae,Lynx longignathus,6.7,5.9,NA,1,NA,
Felidae,Lynx proterolyncis,7.59,4.91,13.068,1,17.965,Van Valkenburgh 1990 regression
Felidae,Lynx rufus,2.63,0,11.428,1,11.935,Van Valkenburgh 1990 regression
Felidae,Machairodus catocopis,10.09,2.63,32.353,1,285.259,Van Valkenburgh 1990 regression
Felidae,Machairodus tanneri,6.88,5.9,NA,NA,NA,
Felidae,Megantereon hesperus,6.88,0.9,NA,NA,NA,
Felidae,Miracinonyx inexpectatus,2.63,0.9,21.13,1,77.794,Van Valkenburgh 1990 regression
Felidae,Miracinonyx trumani,2.63,0.01,19.772,1,63.526,Van Valkenburgh 1990 regression
Felidae,Nimravides galiani,11.5,6.88,26.7,1,158.803,Van Valkenburgh 1990 regression
Felidae,Nimravides hibbardi,7.59,4.7,21.5,NA,82.023,Van Valkenburgh 1990 regression
Felidae,Nimravides pedionomus,12.2,9.07,26.545,0.928,156.008,Van Valkenburgh 1990 regression
Felidae,Nimravides thinobates,9.7,6.7,29.3,0.894,210.837,Van Valkenburgh 1990 regression
Felidae,Panthera onca,0.9,0.004,21.474,1,81.721,Van Valkenburgh 1990 regression
Felidae,Pratifelis martini,10.09,5.9,29.5,0.881,215.257,Van Valkenburgh 1990 regression
Felidae,Pseudaelurus aeluroides,15.97,14.78,15.6,0.808,30.834,Van Valkenburgh 1990 regression
Felidae,Pseudaelurus intrepidus,15.97,9.07,17.002,0.879,40.089,Van Valkenburgh 1990 regression
Felidae,Pseudaelurus marshi,15.97,10.09,16.294,0.873,35.211,Van Valkenburgh 1990 regression
Felidae,Pseudaelurus skinneri,17.34,15.97,11.932,0.84,13.614,Van Valkenburgh 1990 regression
Felidae,Pseudaelurus stouti,15.97,12.5,8.568,0.916,4.958,Van Valkenburgh 1990 regression
Felidae,Pseudaelurus validus,17.34,14.78,16.17,0.947,34.401,Van Valkenburgh 1990 regression
Felidae,Puma concolor,0.11,0,19.841,1,64.205,Van Valkenburgh 1990 regression
Felidae,Puma lacustris,4.91,1.8,15.35,1,29.352,Van Valkenburgh 1990 regression
Felidae,Smilodon fatalis,0.035,0.011,24.006,1,114.809,Van Valkenburgh 1990 regression
Felidae,Smilodon gracilis,4.91,0.39,23.815,1,112.045,Van Valkenburgh 1990 regression
Felidae,Uncia atrox,0.11,0.001,30.255,0.996,232.504,Van Valkenburgh 1990 regression
Hyaenidae,Chasmaporthetes ossifragus,4.91,0.011,27.285,0.857,98.786,Van Valkenburgh 1990 regression
Hyaenodontidae,Acarictis ryani,55.96,55.07,NA,NA,NA,
Hyaenodontidae,Arfia junnei,55.96,55.07,NA,NA,NA,
Hyaenodontidae,Arfia opisthotoma,55.96,53.07,10.334,0.582,9.52,Egi 2001
Hyaenodontidae,Arfia shoshoniensis,55.96,54.05,10.045,0.584,5.36,Egi 2001
Hyaenodontidae,Arfia zele,55.79,54.05,8.168,0.602,2.748,Van Valkenburgh 1990 regression
Hyaenodontidae,Entomodon comptus,48.64,47.96,NA,NA,NA,
Hyaenodontidae,Galecyon mordax,55.79,54.05,NA,NA,NA,
Hyaenodontidae,Gazinocyon vulpeculus,53.42,52.11,NA,NA,NA,
Hyaenodontidae,Hemipsalodon grandis,45.38,34.7,NA,NA,NA,
Hyaenodontidae,Hemipsalodon viejaensis,39.83,37.39,NA,NA,NA,
Hyaenodontidae,Hyaenodon brevirostrus,32.1,27.9,NA,NA,NA,
Hyaenodontidae,Hyaenodon crucians,39.83,32.1,14.056,1,14.97,Egi 2001
Hyaenodontidae,Hyaenodon horridus,49.27,32.1,NA,1,41.42,Egi 2001
Hyaenodontidae,Hyaenodon megaloides,35.24,33.9,NA,NA,NA,
Hyaenodontidae,Hyaenodon microdon,35.92,33.9,NA,NA,NA,
Hyaenodontidae,Hyaenodon montanus,39.83,33.9,18.887,1,33.129,Van Valkenburgh 1990 regression
Hyaenodontidae,Hyaenodon mustelinus,35.24,32.1,NA,1,NA,
Hyaenodontidae,Hyaenodon raineyi,35.92,35.24,NA,NA,NA,
Hyaenodontidae,Hyaenodon venturae,39.83,34.7,9.844,1,4.783,Van Valkenburgh 1990 regression
Hyaenodontidae,Hyaenodon vetus,39.83,34.7,19.424,NA,36.005,Van Valkenburgh 1990 regression
Hyaenodontidae,Ischnognathus savagei,39.83,37.39,NA,NA,NA,
Hyaenodontidae,Limnocyon cuspidens,49.27,48.64,NA,NA,NA,
Hyaenodontidae,Limnocyon medius,48.64,47.96,5.763,0.557,0.975,Van Valkenburgh 1990 regression
Hyaenodontidae,Limnocyon potens,47.96,42.78,11.914,0.654,15.84,Egi 2001
Hyaenodontidae,Limnocyon velox,51.91,47.96,5.098,0.579,0.678,Van Valkenburgh 1990 regression
Hyaenodontidae,Limnocyon verus,51.91,47.96,9.071,0.636,7.78,Egi 2001
Hyaenodontidae,Oxyaenodon dysodus,45.38,39.83,8.02,0.676,2.603,Van Valkenburgh 1990 regression
Hyaenodontidae,Prolimnocyon antiquus,53.42,49.27,NA,NA,NA,Van Valkenburgh 1990 regression
Hyaenodontidae,Prolimnocyon atavus,55.96,52.11,4.975,0.632,0.63,Egi 2001
Hyaenodontidae,Prolimnocyon eerius,55.79,55.07,NA,NA,NA,
Hyaenodontidae,Prolimnocyon haematus,55.96,54.05,4.801,0.628,0.567,Van Valkenburgh 1990 regression
Hyaenodontidae,Protopsalis tigrinus,53.07,52.11,NA,NA,NA,
Hyaenodontidae,Prototomus deimos,55.96,54.05,4.13,0.664,0.363,Van Valkenburgh 1990 regression
Hyaenodontidae,Prototomus martis,55.96,53.07,7.514,0.609,4.07,Egi 2001
Hyaenodontidae,Prototomus phobos,55.96,53.42,7.191,0.473,2.62,Egi 2001
Hyaenodontidae,Prototomus robustus,55.96,53.42,8.324,0.604,5.95,Egi 2001
Hyaenodontidae,Prototomus secundarius,55.96,52.11,NA,NA,NA,Egi 2001
Hyaenodontidae,Proviverroides piercei,49.27,48.64,NA,0.631,NA,
Hyaenodontidae,Pyrocyon dioctetus,55.79,55.07,6.958,0.565,1.707,Van Valkenburgh 1990 regression
Hyaenodontidae,Sinopa grangeri,51.91,48.64,NA,NA,NA,
Hyaenodontidae,Sinopa major,49.27,42.78,9.005,0.552,3.671,Van Valkenburgh 1990 regression
Hyaenodontidae,Sinopa minor,51.91,48.64,4.684,0.79,0.527,Van Valkenburgh 1990 regression
Hyaenodontidae,Sinopa pungens,49.27,47.96,NA,NA,NA,
Hyaenodontidae,Sinopa rapax,51.91,47.96,7.675,0.531,2.284,Van Valkenburgh 1990 regression
Hyaenodontidae,Sinopa viverrinus,55.79,52.11,5.312,0.553,0.766,Van Valkenburgh 1990 regression
Hyaenodontidae,Tritemnodon agilis,49.27,48.64,8.253,0.667,10.78,Egi 2001
Hyaenodontidae,Tritemnodon strenuus,55.96,49.27,NA,NA,NA,
Mephitidae,Brachyopsigale dubius,5.91,2.63,4,NA,0.114,Van Valkenburgh 1990 regression
Mephitidae,Brachyprotoma obtusata,0.035,0.001,NA,NA,NA,
Mephitidae,Buisnictis breviramus,4.91,1.8,6.02,0.61,0.285,Finnarelli and Flynn 2006
Mephitidae,Buisnictis burrowsi,4.91,2.63,5.4,0.7,0.323,Van Valkenburgh 1990 regression
Mephitidae,Buisnictis schoffi,5.91,2.63,6.8,0.62,0.334,Finnarelli and Flynn 2006
Mephitidae,Conepatus leuconotus,0.9,0,10.1,0.509,2.851,Van Valkenburgh 1990 regression
Mephitidae,Martinogale alveodens,6.88,4.7,5.6,0.589,0.294,Finnarelli and Flynn 2006
Mephitidae,Martinogale chisoensis,9.07,7.5,6.8,0.581,0.72,Van Valkenburgh 1990 regression
Mephitidae,Martinogale faulli,12.11,7.59,4.716,0.686,0.201,Van Valkenburgh 1990 regression
Mephitidae,Martinogale nambiana,14.78,12.57,NA,NA,NA,
Mephitidae,Mephitis mephitis,4.91,0,9,0.44,2.5,Finnarelli and Flynn 2006
Mephitidae,Mephitis rexroadensis,4.91,2.63,NA,NA,NA,
Mephitidae,Pliogale furlongi,9.07,4.7,5.5,0.654,0.301,Finnarelli and Flynn 2006
Mephitidae,Pliogale manka,12.2,10.09,8.4,0.738,1.501,Van Valkenburgh 1990 regression
Mephitidae,Spilogale microdens,4.91,2.63,6.3,0.663,0.552,Van Valkenburgh 1990 regression
Mephitidae,Spilogale putorius,2.63,0,7.08,0.586,0.341,Finnarelli and Flynn 2006
Mephitidae,Spilogale rexroadi,4.91,1.8,5.63,0.591,0.34,Finnarelli and Flynn 2006
Miacidae,Gracilocyon winkleri,55.96,54.05,4.383,0.503,0.433,Van Valkenburgh 1990 regression
Miacidae,Harpalodon sylvestris,49.27,47.96,5.775,0.537,0.981,Van Valkenburgh 1990 regression
Miacidae,Miacis bathygnathus,49.27,47.96,NA,NA,NA,
Miacidae,Miacis deutschi,55.96,54.05,4.226,0.556,0.388,Van Valkenburgh 1990 regression
Miacidae,Miacis edax,51.91,48.64,NA,NA,NA,
Miacidae,Miacis exiguus,55.96,51.91,5.345,0.578,0.78,Van Valkenburgh 1990 regression
Miacidae,Miacis hookwayi,42.78,39.83,6.545,0.654,1.423,Van Valkenburgh 1990 regression
Miacidae,Miacis latidens,54.05,48.64,6.182,0.585,1.201,Van Valkenburgh 1990 regression
Miacidae,Miacis medius,48.64,47.96,7.079,0.48,1.796,Van Valkenburgh 1990 regression
Miacidae,Miacis parvivorus,53.42,47.96,5.932,0.525,1.063,Van Valkenburgh 1990 regression
Miacidae,Miacis petilus,54.61,51.91,4.104,0.643,0.356,Van Valkenburgh 1990 regression
Miacidae,Miacis vorax,56.54,45.38,7.221,0.586,1.906,Van Valkenburgh 1990 regression
Miacidae,Miocyon major,51.91,47.96,9.716,0.708,4.601,Van Valkenburgh 1990 regression
Miacidae,Miocyon scotti,45.38,39.83,13.332,0.73,11.774,Van Valkenburgh 1990 regression
Miacidae,Neovulpavus washakius,48.64,47.96,6.911,0.596,1.673,Van Valkenburgh 1990 regression
Miacidae,Oodectes herpestoides,55.96,48.64,4.272,0.534,0.401,Van Valkenburgh 1990 regression
Miacidae,Oodectes jepseni,53.42,53.07,3.677,0.67,0.257,Van Valkenburgh 1990 regression
Miacidae,Oodectes pugnax,48.64,47.96,NA,NA,NA,
Miacidae,Palaearctonyx meadi,49.27,48.64,NA,NA,NA,
Miacidae,Procynodictis progressus,45.38,39.83,7.513,0.67,2.144,Van Valkenburgh 1990 regression
Miacidae,Procynodictis vulpiceps,45.38,39.83,7.761,0.605,2.361,Van Valkenburgh 1990 regression
Miacidae,Prodaphaenus uintensis,45.38,39.83,NA,NA,NA,
Miacidae,Tapocyon robustus,42.78,39.83,11.397,0.68,7.39,Van Valkenburgh 1990 regression
Miacidae,Uintacyon acutus,45.38,42.78,NA,NA,NA,
Miacidae,Uintacyon asodes,55.96,49.27,NA,NA,NA,
Miacidae,Uintacyon jugulans,49.27,47.96,5.454,0.596,0.828,Van Valkenburgh 1990 regression
Miacidae,Uintacyon massetericus,55.96,53.07,6.189,0.646,1.205,Van Valkenburgh 1990 regression
Miacidae,Uintacyon rudis,57.04,53.42,5.294,0.604,0.758,Van Valkenburgh 1990 regression
Miacidae,Vassacyon promicrodon,55.96,53.07,7.868,0.615,2.459,Van Valkenburgh 1990 regression
Miacidae,Vulpavus australis,55.96,49.27,6.007,0.506,4.5,Heinrich and Rose 1997
Miacidae,Vulpavus canavus,55.96,49.27,6.694,0.485,4.5,Heinrich and Rose 1997
Miacidae,Vulpavus farsonensis,51.91,49.27,4.154,0.586,0.369,Van Valkenburgh 1990 regression
Miacidae,Vulpavus hargeri,49.27,47.96,NA,NA,NA,
Miacidae,Vulpavus ovatus,51.91,48.64,NA,NA,NA,
Miacidae,Vulpavus palustris,51.91,48.64,5.843,0.496,1.016,Van Valkenburgh 1990 regression
Miacidae,Vulpavus profectus,53.07,48.64,5.951,0.569,1.073,Van Valkenburgh 1990 regression
Mustelidae,Arctomeles dimolodontus,7.5,2.63,NA,NA,NA,
Mustelidae,Arikarictis chapini,28,22.2,NA,NA,NA,
Mustelidae,Brachypsalis hyaenoides,14.78,12.2,NA,NA,NA,
Mustelidae,Brachypsalis matutinus,17.34,15.97,13.3,0.673,7.43,Van Valkenburgh 1990 regression
Mustelidae,Brachypsalis modicus,15.97,12.5,14.1,0.69,9.105,Van Valkenburgh 1990 regression
Mustelidae,Brachypsalis obliquidens,15.97,14.78,17.5,0.686,19.31,Van Valkenburgh 1990 regression
Mustelidae,Brachypsalis pachycephalus,15.97,12.5,15.055,0.673,11.437,Van Valkenburgh 1990 regression
Mustelidae,Canimartes cumminsii,2.63,1.8,NA,NA,NA,
Mustelidae,Cernictis hesperus,6.7,4.91,11.7,NA,4.756,Van Valkenburgh 1990 regression
Mustelidae,Chamitataxus avitus,7.59,6.88,NA,NA,NA,
Mustelidae,Craterogale simus,18.8,17.34,8.9,0.603,1.836,Van Valkenburgh 1990 regression
Mustelidae,Dinogale siouxensis,17.34,15.97,10.5,0.618,2.24,Finnarelli and Flynn 2006
Mustelidae,Eomellivora wimani,10.09,6.7,24.5,NA,45,Finnarelli and Flynn 2006
Mustelidae,Ferinestrix vorax,4.91,2.63,26.495,0.648,81.773,Van Valkenburgh 1990 regression
Mustelidae,Floridictis petersoni,19.5,18.8,10.2,NA,2.951,Van Valkenburgh 1990 regression
Mustelidae,Gulo gulo,0.11,0,19.65,0.68,28.9,Van Valkenburgh 1990 regression
Mustelidae,Hoplictis grangerensis,12,9,19.81,0.705,15.14,Finnarelli and Flynn 2006
Mustelidae,Legionarictis fortidens,15.9,12.5,NA,NA,NA,
Mustelidae,Leptarctus ancipidens,18.5,15.9,NA,NA,NA,
Mustelidae,Leptarctus martini,14.78,12.5,NA,NA,NA,
Mustelidae,Leptarctus oregonensis,15.97,14.78,NA,NA,NA,
Mustelidae,Leptarctus primus,15.97,10.09,10.1,0.549,2.851,Van Valkenburgh 1990 regression
Mustelidae,Leptarctus progressus,14.78,6.7,NA,NA,NA,
Mustelidae,Leptarctus supremus,7.59,6.7,NA,NA,NA,
Mustelidae,Leptarctus webbi,10.09,9,11.4,0.465,4.345,Van Valkenburgh 1990 regression
Mustelidae,Leptarctus woodburnei,7.59,6.88,11.4,0.518,4.345,Van Valkenburgh 1990 regression
Mustelidae,Leptarctus wortmani,14.8,6.7,11.1,0.558,3.96,Van Valkenburgh 1990 regression
Mustelidae,Lutra piscinaria,5.91,1.8,NA,NA,NA,
Mustelidae,Martes buwaldi,11.2,8,9.9,0.73,2.66,Van Valkenburgh 1990 regression
Mustelidae,Martes foxi,4.91,2.63,NA,NA,NA,
Mustelidae,Martes glareae,15.9,12.5,NA,NA,NA,
Mustelidae,Martes nambianus,14.1,12.5,NA,NA,NA,
Mustelidae,Martes parviloba,15.97,12.5,9.016,0.673,1.921,Van Valkenburgh 1990 regression
Mustelidae,Martes stirtoni,12.11,10,NA,NA,NA,
Mustelidae,Megalictis ferox,27.9,18.5,20.461,0.718,33.266,Van Valkenburgh 1990 regression
Mustelidae,Megalictis frazieri,28,19.09,16.1,0.658,14.446,Van Valkenburgh 1990 regression
Mustelidae,Megalictis simplicidens,22.2,18.5,16.4,NA,15.405,Van Valkenburgh 1990 regression
Mustelidae,Miomustela madisonae,15.97,12.5,5.1,0.686,0.21,Finnarelli and Flynn 2006
Mustelidae,Mionictis angustidens,9,6.7,11,0.682,3.04,Finnarelli and Flynn 2006
Mustelidae,Mionictis elegans,15.97,14.78,11,NA,3.837,Van Valkenburgh 1990 regression
Mustelidae,Mionictis incertus,15.97,14.78,12.3,0.615,5.661,Van Valkenburgh 1990 regression
Mustelidae,Mionictis letifer,17.34,15.97,9.8,0.683,2.567,Van Valkenburgh 1990 regression
Mustelidae,Mionictis pristinus,14.78,9.07,17,0.606,18.54,Finnarelli and Flynn 2006
Mustelidae,Mustela erminea,0.11,0,5.14,0.641,0.272,Van Valkenburgh 1990 regression
Mustelidae,Mustela frenata,2.63,0,5.94,0.68,0.147,Finnarelli and Flynn 2006
Mustelidae,Mustela meltoni,4.91,2.63,5.6,0.69,0.366,Van Valkenburgh 1990 regression
Mustelidae,Mustela nigripes,0.4,0,8.84,0.689,0.85,Finnarelli and Flynn 2006
Mustelidae,Mustela nivalis,0.035,0.001,4.24,0.57,0.104,Finnarelli and Flynn 2006
Mustelidae,Mustela parvus,2.63,0.9,NA,NA,NA,
Mustelidae,Mustela rexroadensis,5.91,1.8,4.59,0.74,0.15,Finnarelli and Flynn 2006
Mustelidae,Mustela zibellina americana,0.11,0,NA,NA,NA,
Mustelidae,Mustelavus priscus,34.7,33.9,5.7,0.6,0.389,Van Valkenburgh 1990 regression
Mustelidae,Neovison vison,0.4,0,8.52,0.634,0.945,Finnarelli and Flynn 2006
Mustelidae,Oligobunis crassivultus,25.9,19.09,13.7,0.767,8.237,Van Valkenburgh 1990 regression
Mustelidae,Oligobunis floridanus,18.5,15.97,16.4,0.669,15.405,Van Valkenburgh 1990 regression
Mustelidae,Palaeogale dorothiae,30,27.9,4.92,0.67,0.233,Van Valkenburgh 1990 regression
Mustelidae,Palaeogale minuta,28,17.34,NA,NA,NA,
Mustelidae,Palaeogale sanguinarius,31.4,23.8,NA,NA,NA,
Mustelidae,Palaeogale sectoria,35.24,17.34,NA,NA,NA,
Mustelidae,Paroligobunis petersoni,18.5,17.34,NA,NA,NA,
Mustelidae,Pekania pennanti,0.042,0.011,12.08,0.672,5.316,Van Valkenburgh 1990 regression
Mustelidae,Plesiogulo lindsayi,6.88,4.7,27.1,0.705,41.46,Finnarelli and Flynn 2006
Mustelidae,Plesiogulo marshalli,12.11,4.7,24,0.687,26.28,Finnarelli and Flynn 2006
Mustelidae,Plionictis buwaldi,12.11,7.59,NA,NA,NA,
Mustelidae,Plionictis gazini,15.97,12.5,NA,NA,NA,
Mustelidae,Plionictis kinseyi,15.97,14.78,4.2,0.602,0.135,Van Valkenburgh 1990 regression
Mustelidae,Plionictis ogygia,15.97,7.1,6.7,0.653,0.684,Finnarelli and Flynn 2006
Mustelidae,Plionictis oregonensis,6.88,5.9,8.1,0.619,1.323,Van Valkenburgh 1990 regression
Mustelidae,Pliotaxidea garberi,7.59,4.7,9.4,0.595,2.221,Van Valkenburgh 1990 regression
Mustelidae,Pliotaxidea nevadensis,11.7,4.7,9.5,0.474,2.4,Finnarelli and Flynn 2006
Mustelidae,Promartes darbyi,27.9,19.09,NA,NA,NA,
Mustelidae,Promartes gemmarosae,28,19.09,NA,NA,NA,
Mustelidae,Promartes lepidus,19.5,17.34,8.7,0.545,1.696,Van Valkenburgh 1990 regression
Mustelidae,Promartes olcotti,28,18.5,NA,NA,NA,
Mustelidae,Promartes vantasselensis,23.8,19.09,NA,NA,NA,
Mustelidae,Satherium ingens,4.91,1.8,NA,NA,NA,
Mustelidae,Schultzogale inexpecta,18.8,17.5,NA,NA,NA,
Mustelidae,Sminthosinis bowleri,4.91,2.63,9.4,0.649,2.221,Van Valkenburgh 1990 regression
Mustelidae,Sthenictis bellus,17.34,15.97,NA,NA,NA,
Mustelidae,Sthenictis campestris,12.2,10.09,NA,NA,NA,
Mustelidae,Sthenictis dolichops,15.97,14.78,16.9,0.662,17.102,Van Valkenburgh 1990 regression
Mustelidae,Sthenictis junturensis,10.09,9.07,12.7,0.59,6.328,Van Valkenburgh 1990 regression
Mustelidae,Sthenictis lacota,12.2,9,18.5,NA,23.429,Van Valkenburgh 1990 regression
Mustelidae,Sthenictis robustus,14.78,12.5,NA,NA,NA,
Mustelidae,Taxidea taxus,4.91,0,13.3,0.568,7.1,Finnarelli and Flynn 2006
Mustelidae,Trigonictis cookii,4.91,0.9,9.1,0.532,3.2,Finnarelli and Flynn 2006
Mustelidae,Trigonictis macrodon,4.91,1.8,14.8,0.677,5.6,Finnarelli and Flynn 2006
Mustelidae,Zodiolestes daimonelixensis,23.8,19.09,12.3,0.71,5.661,Van Valkenburgh 1990 regression
Mustelidae,Zodiolestes freundi,18,17,NA,NA,NA,
Nimravidae,Dinaelurus crassus,29.75,28,NA,NA,NA,
Nimravidae,Dinictis felina,35.92,28,17.638,0.821,27.037,Van Valkenburgh 1990 regression
Nimravidae,Hoplophoneus cerebralis,30.5,27.9,14.11,NA,13.935,Van Valkenburgh 1990 regression
Nimravidae,Hoplophoneus occidentalis,33.9,27,21.726,0.927,50.215,Van Valkenburgh 1990 regression
Nimravidae,Hoplophoneus primaevus,35.92,29.75,17.724,0.909,27.43,Van Valkenburgh 1990 regression
Nimravidae,Hoplophoneus strigidens,30.5,28.7,NA,NA,NA,
Nimravidae,Nanosmilus kurteni,33.9,32.1,14.84,NA,16.187,Van Valkenburgh 1990 regression
Nimravidae,Nimravus brachyops,32.1,22.2,24.142,0.841,68.681,Van Valkenburgh 1990 regression
Nimravidae,Pogonodon davisi,29.75,27.9,22.949,0.872,59.084,Van Valkenburgh 1990 regression
Nimravidae,Pogonodon platycopis,33.9,22.2,24.496,0.882,71.715,Van Valkenburgh 1990 regression
Oxyaenidae,Ambloctonus major,53.42,52.11,NA,NA,NA,
Oxyaenidae,Ambloctonus priscus,55.96,54.05,NA,NA,NA,
Oxyaenidae,Ambloctonus sinosus,54.05,53.07,NA,NA,NA,
Oxyaenidae,Apataelurus kayi,45.38,42.78,15.488,0.989,18.377,Van Valkenburgh 1990 regression
Oxyaenidae,Dipsalidictis aequidens,57.04,55.96,11.699,0.624,7.987,Van Valkenburgh 1990 regression
Oxyaenidae,Dipsalidictis krausei,57.24,55.96,NA,0.612,NA,
Oxyaenidae,Dipsalidictis platypus,57.04,55.07,8.805,0.557,3.434,Van Valkenburgh 1990 regression
Oxyaenidae,Dipsalidictis transiens,55.96,53.42,13.55,0.559,12.355,Van Valkenburgh 1990 regression
Oxyaenidae,Dipsalodon churchillorum,58.24,56.54,12.754,0.595,10.322,Van Valkenburgh 1990 regression
Oxyaenidae,Dipsalodon matthewi,57.24,55.96,NA,NA,NA,Van Valkenburgh 1990 regression
Oxyaenidae,Machaeroides eothen,49.27,47.96,NA,NA,NA,Egi 2001
Oxyaenidae,Machaeroides simpsoni,53.07,51.91,7.11,NA,1.82,Van Valkenburgh 1990 regression
Oxyaenidae,Malfelis badwaterensis,52.11,51.91,NA,NA,NA,
Oxyaenidae,Oxyaena forcipata,55.79,52.11,21.235,0.68,46.919,Van Valkenburgh 1990 regression
Oxyaenidae,Oxyaena gulo,55.96,54.05,13.751,0.655,12.908,Van Valkenburgh 1990 regression
Oxyaenidae,Oxyaena intermedia,55.96,54.05,17.219,0.668,25.173,Van Valkenburgh 1990 regression
Oxyaenidae,Oxyaena lupina,55.79,52.11,14.845,0.702,16.203,Van Valkenburgh 1990 regression
Oxyaenidae,Oxyaena pardalis,53.07,52.11,NA,0.72,NA,
Oxyaenidae,Oxyaena simpsoni,53.42,53.07,NA,NA,NA,
Oxyaenidae,Palaeonictis occidentalis,55.96,54.05,10.818,0.68,6.33,Van Valkenburgh 1990 regression
Oxyaenidae,Palaeonictis peloria,56.54,55.96,13.305,0.785,11.704,Van Valkenburgh 1990 regression
Oxyaenidae,Patriofelis ferox,48.64,47.96,22.411,0.967,55.064,Van Valkenburgh 1990 regression
Oxyaenidae,Patriofelis ulta,51.91,48.64,18.401,0.944,30.66,Van Valkenburgh 1990 regression
Oxyaenidae,Tytthaena lichna,57.24,57.04,5.883,0.555,1.037,Van Valkenburgh 1990 regression
Oxyaenidae,Tytthaena parrisi,59.61,58.63,6.198,0.517,1.211,Van Valkenburgh 1990 regression
Procyonidae,Acheronictis webbi,28,19.09,NA,NA,NA,
Procyonidae,Amphictis schlosseri,18.5,17.34,NA,NA,NA,
Procyonidae,Arctonasua eurybates,6.88,4.7,15.2,0.493,11.825,Van Valkenburgh 1990 regression
Procyonidae,Arctonasua floridana,10.09,9,15.1,0.533,11.557,Van Valkenburgh 1990 regression
Procyonidae,Arctonasua fricki,6.88,5.9,NA,NA,NA,
Procyonidae,Arctonasua gracilis,15.97,12.57,13.7,0.458,8.237,Van Valkenburgh 1990 regression
Procyonidae,Arctonasua minima,15.97,14.78,11.9,0.567,5.045,Van Valkenburgh 1990 regression
Procyonidae,Bassaricyonoides phyllismillerae,18.8,17.5,8.1,0.519,1.323,Van Valkenburgh 1990 regression
Procyonidae,Bassaricyonoides stewartae,17.34,15.97,NA,NA,NA,
Procyonidae,Bassariscus antiquus,15.97,6.7,7,0.629,0.796,Van Valkenburgh 1990 regression
Procyonidae,Bassariscus astutus,0.11,0,7.82,0.59,1.17,Van Valkenburgh 1990 regression
Procyonidae,Bassariscus casei,4.91,0.9,7.4,0.649,0.966,Van Valkenburgh 1990 regression
Procyonidae,Bassariscus lycopotamicus,15.16,14.8,NA,NA,NA,
Procyonidae,Bassariscus minimus,15.97,14.78,6.2,0.66,0.522,Van Valkenburgh 1990 regression
Procyonidae,Bassariscus ogallalae,12.5,5.9,7,0.571,0.796,Van Valkenburgh 1990 regression
Procyonidae,Bassariscus parvus,15.97,7.59,6.8,0.632,0.72,Van Valkenburgh 1990 regression
Procyonidae,Edaphocyon lautus,18.8,17.34,NA,NA,NA,
Procyonidae,Edaphocyon palmeri,18.8,17.5,NA,NA,NA,
Procyonidae,Edaphocyon pointblankensis,17.5,14.78,NA,NA,NA,
Procyonidae,Nasua narica,0.004,0,NA,NA,NA,
Procyonidae,Nasua pronarica,4.91,2.63,NA,NA,NA,
Procyonidae,Paranasua biradica,10.09,9,NA,NA,NA,
Procyonidae,Parapotos tedfordi,14.8,12.5,8.9,0.483,1.836,Van Valkenburgh 1990 regression
Procyonidae,Probassariscus matthewi,15.97,6.88,7.5,0.52,1.012,Van Valkenburgh 1990 regression
Procyonidae,Procyon lotor,6.88,0,12.7,0.518,6.328,Van Valkenburgh 1990 regression
Procyonidae,Procyon rexroadensis,4.91,1.8,NA,NA,NA,
Procyonidae,Protoprocyon savagei,12.11,9.07,7.4,0.597,0.966,Van Valkenburgh 1990 regression
Ursidae,Agriotherium gregoryi,5.7,5.4,NA,NA,NA,
Ursidae,Agriotherium schneideri,9,4.7,42.9,NA,114.79,Van Valkenburgh 1990 regression
Ursidae,Allocyon loganensis,31.4,27.9,14.5,0.48,67.464,Van Valkenburgh 1990 regression
Ursidae,Arctodus pristinus,2.63,0.39,26.68,0.59,200,Van Valkenburgh 1991
Ursidae,Arctodus simus,0.11,0.011,33.85,0.645,626,Figueirido et al. 2010 (mean of 6 specimens in table 3
Ursidae,Hemicyon barbouri,14.78,9,29.5,NA,95.546,Van Valkenburgh 1990 regression
Ursidae,Indarctos oregonensis,9.3,5.91,NA,NA,NA,Van Valkenburgh 1990 regression
Ursidae,Kolponomos clallamensis,22.2,18.5,NA,NA,NA,Van Valkenburgh 1990 regression
Ursidae,Kolponomos newportensis,22.2,17.34,NA,NA,NA,Van Valkenburgh 1990 regression
Ursidae,Parictis dakotensis,34.7,29.75,8.795,0.63,52.805,Van Valkenburgh 1990 regression
Ursidae,Parictis gilpini,35.92,29.75,7.84,0.657,49.913,Van Valkenburgh 1990 regression
Ursidae,Parictis major,34.7,33.9,10.73,0.648,58.209,Van Valkenburgh 1990 regression
Ursidae,Parictis montanus,35.24,33.9,7.7,0.632,49.474,Van Valkenburgh 1990 regression
Ursidae,Parictis parvus,33.9,32.1,6.4,0.609,45.189,Van Valkenburgh 1990 regression
Ursidae,Parictis personi,35.92,35.24,NA,NA,NA,
Ursidae,Parictis primaevus,37.39,32.1,NA,NA,NA,
Ursidae,Phoberocyon johnhenryi,18.5,15.97,34,NA,102.429,Van Valkenburgh 1990 regression
Ursidae,Phoberogale shareri,29.75,18.8,NA,NA,NA,
Ursidae,Plionarctos edensis,6.88,1.8,NA,NA,NA,
Ursidae,Plithocyon barstowensis,15.9,12.57,29,NA,94.749,Van Valkenburgh 1990 regression
Ursidae,Plithocyon ursinus,15.9,12.5,35.4,NA,104.475,Van Valkenburgh 1990 regression
Ursidae,Tremarctos floridanus,2.63,0.01,20.8,0.428,80.51,Van Valkenburgh 1990 regression
Ursidae,Ursavus brevirhinus,17.34,12.5,14.3,NA,67.006,Van Valkenburgh 1990 regression
Ursidae,Ursavus pawniensis,15.9,9,NA,NA,NA,
Ursidae,Ursavus primaevus,15.97,12.5,NA,NA,NA,
Ursidae,Ursus abstrusus,4.91,1.8,20.7,0.63,80.32,Van Valkenburgh 1990 regression
Ursidae,Ursus americanus,0.11,0,18.65,0.477,100,MOM vers 5
Ursidae,Ursus arctos,0.11,0,25.55,0.616,139,MOM vers 5
Viverravidae,Bryanictis microlestes,62.52,58.24,4.627,0.554,0.508,Van Valkenburgh 1990 regression
Viverravidae,Didymictis altidens,55.96,49.27,12.731,0.53,10.267,Van Valkenburgh 1990 regression
Viverravidae,Didymictis dellensis,58.24,55.96,8.533,0.635,3.129,Van Valkenburgh 1990 regression
Viverravidae,Didymictis protenus,57.66,52.11,10.415,0.542,5.655,Heinrich and Rose 1997
Viverravidae,Didymictis vancleveae,51.91,49.27,18.488,0.558,31.093,Van Valkenburgh 1990 regression
Viverravidae,Ictidopappus mustelinus,62.52,62.22,3.835,0.645,0.291,Van Valkenburgh 1990 regression
Viverravidae,Intyrictis vanvaleni,62.52,61.61,4.314,0.571,0.413,Van Valkenburgh 1990 regression
Viverravidae,Protictis agastor,59.61,58.63,7.673,0.574,2.282,Van Valkenburgh 1990 regression
Viverravidae,Protictis haydenianus,64.81,57.66,7.832,0.589,2.426,Van Valkenburgh 1990 regression
Viverravidae,Protictis paralus,62.22,58.24,4.403,0.676,0.438,Van Valkenburgh 1990 regression
Viverravidae,Protictoides aprophatos,47.96,45.38,NA,NA,NA,
Viverravidae,Raphictis gausion,59.61,58.63,3.898,0.625,0.305,Van Valkenburgh 1990 regression
Viverravidae,Simpsonictis jaynanneae,62.52,62.22,NA,NA,NA,
Viverravidae,Simpsonictis pegus,62.52,62.22,3.964,0.545,0.321,Van Valkenburgh 1990 regression
Viverravidae,Simpsonictis tenuis,62.52,59.61,3.016,0.64,0.143,Van Valkenburgh 1990 regression
Viverravidae,Viverravus acutus,57.24,52.11,4.555,0.571,0.485,Van Valkenburgh 1990 regression
Viverravidae,Viverravus gracilis,55.96,47.96,5.317,0.602,0.768,Van Valkenburgh 1990 regression
Viverravidae,Viverravus laytoni,58.24,54.05,3.62,0.594,0.245,Van Valkenburgh 1990 regression
Viverravidae,Viverravus lutosus,55.96,49.27,4.62,0.604,0.506,Van Valkenburgh 1990 regression
Viverravidae,Viverravus minutus,53.07,45.38,4.521,0.577,0.474,Van Valkenburgh 1990 regression
Viverravidae,Viverravus politus,57.24,53.42,6.114,0.698,1.162,Van Valkenburgh 1990 regression
Viverravidae,Viverravus schaffi,58.24,57.66,5.658,0.653,0.923,Van Valkenburgh 1990 regression
Viverravidae,Viverravus sicarius,51.91,47.96,NA,0.662,NA,