"","phylum","class","order","family","genus","accepted_species","verbatim_genus","verbatim_species","accepted_name","taxon_name","NoOccs","InNorAmer","DataCollected"
"1","Chordata","Mammalia","Procreodi","Arctocyonidae","","","Arctocyonidae","","Arctocyonidae","Arctocyonidae",26,TRUE,0
"2","Chordata","Mammalia","Procreodi","Arctocyonidae","","","Arctocyoninae","","Arctocyoninae","Arctocyoninae",0,FALSE,0
"3","Chordata","Mammalia","Procreodi","Arctocyonidae","Landenodon","","Landenodon","","Landenodon","Landenodon",4,FALSE,0
"4","Chordata","Mammalia","Procreodi","Arctocyonidae","Landenodon","woutersi","Landenodon","woutersi","Landenodon woutersi","Landenodon woutersi",4,FALSE,0
"5","Chordata","Mammalia","Procreodi","Arctocyonidae","Landenodon","phelizoni","Landenodon","phelizoni","Landenodon phelizoni","Landenodon phelizoni",1,FALSE,0
"6","Chordata","Mammalia","Procreodi","Arctocyonidae","Landenodon","lavocati","Landenodon","lavocati","Landenodon lavocati","Landenodon lavocati",3,FALSE,0
"7","Chordata","Mammalia","Procreodi","Arctocyonidae","Chriacus","","Chriacus","","Chriacus","Chriacus",37,TRUE,0
"8","Chordata","Mammalia","Procreodi","Arctocyonidae","Chriacus","gallinae","Chriacus","gallinae","Chriacus gallinae","Chriacus gallinae",25,TRUE,4
"9","Chordata","Mammalia","Procreodi","Arctocyonidae","Chriacus","badgleyi","Chriacus","badgleyi","Chriacus badgleyi","Chriacus badgleyi",17,TRUE,3
"10","Chordata","Mammalia","Procreodi","Arctocyonidae","Chriacus","truncatus","Chriacus","truncatus","Chriacus truncatus","Chriacus truncatus",0,FALSE,0
"11","Chordata","Mammalia","Procreodi","Arctocyonidae","Chriacus","katrinae","Chriacus","katrinae","Chriacus katrinae","Chriacus katrinae",1,TRUE,1
"12","Chordata","Mammalia","Procreodi","Arctocyonidae","Chriacus","metocometi","Chriacus","metocometi","Chriacus metocometi","Chriacus metocometi",0,FALSE,1
"13","Chordata","Mammalia","Procreodi","Arctocyonidae","Chriacus","oconostotae","Chriacus","oconostotae","Chriacus oconostotae","Chriacus oconostotae",3,TRUE,1
"14","Chordata","Mammalia","Procreodi","Arctocyonidae","Chriacus","stenops","Chriacus","stenops","Chriacus stenops","Chriacus stenops",0,FALSE,0
"15","Chordata","Mammalia","Procreodi","Arctocyonidae","Chriacus","baldwini","Chriacus","baldwini","Chriacus baldwini","Chriacus baldwini",23,TRUE,5
"16","Chordata","Mammalia","Procreodi","Arctocyonidae","Chriacus","baldwini","Spanoxyodon","latrunculus","Chriacus baldwini","Spanoxyodon latrunculus",23,TRUE,5
"17","Chordata","Mammalia","Procreodi","Arctocyonidae","Chriacus","baldwini","Tricentes","crassicollidens","Chriacus baldwini","Tricentes crassicollidens",23,TRUE,5
"18","Chordata","Mammalia","Procreodi","Arctocyonidae","Chriacus","baldwini","Chriacus","schlosserianus","Chriacus baldwini","Chriacus schlosserianus",23,TRUE,5
"19","Chordata","Mammalia","Procreodi","Arctocyonidae","Chriacus","baldwini","Oxyclaenus","pearcei","Chriacus baldwini","Oxyclaenus pearcei",23,TRUE,5
"20","Chordata","Mammalia","Procreodi","Arctocyonidae","Chriacus","baldwini","Metachriacus","provocator","Chriacus baldwini","Metachriacus provocator",23,TRUE,5
"21","Chordata","Mammalia","Procreodi","Arctocyonidae","Chriacus","","Spanoxyodon","","Chriacus","Spanoxyodon",37,TRUE,0
"22","Chordata","Mammalia","Procreodi","Arctocyonidae","Chriacus","calenancus","Chriacus","calenancus","Chriacus calenancus","Chriacus calenancus",1,TRUE,2
"23","Chordata","Mammalia","Procreodi","Arctocyonidae","Chriacus","punitor","Chriacus","punitor","Chriacus punitor","Chriacus punitor",4,TRUE,10
"24","Chordata","Mammalia","Procreodi","Arctocyonidae","Chriacus","punitor","Chriacus","pusillus","Chriacus punitor","Chriacus pusillus",4,TRUE,10
"25","Chordata","Mammalia","Procreodi","Arctocyonidae","Chriacus","","Metachriacus","","Chriacus","Metachriacus",37,TRUE,0
"26","Chordata","Mammalia","Procreodi","Arctocyonidae","Chriacus","pelvidens","Chriacus","pelvidens","Chriacus pelvidens","Chriacus pelvidens",21,TRUE,2
"27","Chordata","Mammalia","Procreodi","Arctocyonidae","Chriacus","","Tricentes","","Chriacus","Tricentes",37,TRUE,0
"28","Chordata","Mammalia","Procreodi","Arctocyonidae","Chriacus","subtrigonus","Tricentes","subtrigonus","Tricentes subtrigonus","Tricentes subtrigonus",32,TRUE,16
"29","Chordata","Mammalia","Procreodi","Arctocyonidae","Chriacus","subtrigonus","Tricentes","elassus","Tricentes subtrigonus","Tricentes elassus",32,TRUE,16
"30","Chordata","Mammalia","Procreodi","Arctocyonidae","Chriacus","subtrigonus","Mioclaenus","bucculentus","Tricentes subtrigonus","Mioclaenus bucculentus",32,TRUE,16
"31","Chordata","Mammalia","Procreodi","Arctocyonidae","Chriacus","subtrigonus","Tricentes","latidens","Tricentes subtrigonus","Tricentes latidens",32,TRUE,16
"32","Chordata","Mammalia","Procreodi","Arctocyonidae","Oxytomodon","","Oxytomodon","","Oxytomodon","Oxytomodon",0,FALSE,0
"33","Chordata","Mammalia","Procreodi","Arctocyonidae","Oxytomodon","perissum","Oxytomodon","perissum","Oxytomodon perissum","Oxytomodon perissum",1,TRUE,2
"34","Chordata","Mammalia","Procreodi","Arctocyonidae","Lambertocyon","","Lambertocyon","","Lambertocyon","Lambertocyon",3,TRUE,0
"35","Chordata","Mammalia","Procreodi","Arctocyonidae","Lambertocyon","eximius","Lambertocyon","eximius","Lambertocyon eximius","Lambertocyon eximius",10,TRUE,3
"36","Chordata","Mammalia","Procreodi","Arctocyonidae","Lambertocyon","ischyrus","Lambertocyon","ischyrus","Lambertocyon ischyrus","Lambertocyon ischyrus",6,TRUE,3
"37","Chordata","Mammalia","Procreodi","Arctocyonidae","Lambertocyon","gingerichi","Lambertocyon","gingerichi","Lambertocyon gingerichi","Lambertocyon gingerichi",3,TRUE,0
"38","Chordata","Mammalia","Procreodi","Arctocyonidae","Paratriisodon","","Paratriisodon","","Paratriisodon","Paratriisodon",1,FALSE,0
"39","Chordata","Mammalia","Procreodi","Arctocyonidae","Paratriisodon","henanensis","Paratriisodon","henanensis","Paratriisodon henanensis","Paratriisodon henanensis",1,FALSE,0
"40","Chordata","Mammalia","Procreodi","Arctocyonidae","Karakia","","Karakia","","Karakia","Karakia",0,FALSE,0
"41","Chordata","Mammalia","Procreodi","Arctocyonidae","Karakia","longidens","Karakia","longidens","Karakia longidens","Karakia longidens",1,FALSE,0
"42","Chordata","Mammalia","Procreodi","Arctocyonidae","Carcinodon","","Carcinodon","","Carcinodon","Carcinodon",2,TRUE,0
"43","Chordata","Mammalia","Procreodi","Arctocyonidae","Carcinodon","simplex","Carcinodon","simplex","Carcinodon simplex","Carcinodon simplex",0,FALSE,0
"44","Chordata","Mammalia","Procreodi","Arctocyonidae","Carcinodon","antiquus","Carcinodon","antiquus","Carcinodon antiquus","Carcinodon antiquus",1,TRUE,1
"45","Chordata","Mammalia","Procreodi","Arctocyonidae","Carcinodon","olearyi","Carcinodon","olearyi","Carcinodon olearyi","Carcinodon olearyi",0,FALSE,0
"46","Chordata","Mammalia","Procreodi","Arctocyonidae","Carcinodon","aquilonius","Carcinodon","aquilonius","Carcinodon aquilonius","Carcinodon aquilonius",3,TRUE,0
"47","Chordata","Mammalia","Procreodi","Arctocyonidae","Thryptacodon","","Thryptacodon","","Thryptacodon","Thryptacodon",7,TRUE,0
"48","Chordata","Mammalia","Procreodi","Arctocyonidae","Thryptacodon","australis","Thryptacodon","australis","Thryptacodon australis","Thryptacodon australis",27,TRUE,1
"49","Chordata","Mammalia","Procreodi","Arctocyonidae","Thryptacodon","pseudarctos","Thryptacodon","pseudarctos","Thryptacodon pseudarctos","Thryptacodon pseudarctos",20,TRUE,2
"50","Chordata","Mammalia","Procreodi","Arctocyonidae","Thryptacodon","barae","Thryptacodon","barae","Thryptacodon barae","Thryptacodon barae",3,TRUE,2
"51","Chordata","Mammalia","Procreodi","Arctocyonidae","Thryptacodon","antiquus","Thryptacodon","antiquus","Thryptacodon antiquus","Thryptacodon antiquus",95,TRUE,4
"52","Chordata","Mammalia","Procreodi","Arctocyonidae","Thryptacodon","antiquus","Thryptacodon","loisi","Thryptacodon antiquus","Thryptacodon loisi",95,TRUE,4
"53","Chordata","Mammalia","Procreodi","Arctocyonidae","Thryptacodon","antiquus","Thryptacodon","olseni","Thryptacodon antiquus","Thryptacodon olseni",95,TRUE,4
"54","Chordata","Mammalia","Procreodi","Arctocyonidae","Thryptacodon","orthogonius","Thryptacodon","orthogonius","Thryptacodon orthogonius","Thryptacodon orthogonius",17,TRUE,9
"55","Chordata","Mammalia","Procreodi","Arctocyonidae","Thryptacodon","orthogonius","Thryptacodon","belli","Thryptacodon orthogonius","Thryptacodon belli",17,TRUE,9
"56","Chordata","Mammalia","Procreodi","Arctocyonidae","Thryptacodon","orthogonius","Thryptacodon","demari","Thryptacodon orthogonius","Thryptacodon demari",17,TRUE,9
"57","Chordata","Mammalia","Procreodi","Arctocyonidae","Protungulatum","","Protungulatum","","Protungulatum","Protungulatum",5,TRUE,0
"58","Chordata","Mammalia","Procreodi","Arctocyonidae","Protungulatum","sloani","Protungulatum","sloani","Protungulatum sloani","Protungulatum sloani",2,TRUE,3
"59","Chordata","Mammalia","Procreodi","Arctocyonidae","Protungulatum","donnae","Protungulatum","donnae","Protungulatum donnae","Protungulatum donnae",35,TRUE,53
"60","Chordata","Mammalia","Procreodi","Arctocyonidae","Protungulatum","donnae","Protungulatum","mckeeveri","Protungulatum donnae","Protungulatum mckeeveri",35,TRUE,53
"61","Chordata","Mammalia","Procreodi","Arctocyonidae","Protungulatum","coombsi","Protungulatum","coombsi","Protungulatum coombsi","Protungulatum coombsi",0,FALSE,1
"62","Chordata","Mammalia","Procreodi","Arctocyonidae","Protungulatum","gorgun","Protungulatum","gorgun","Protungulatum gorgun","Protungulatum gorgun",18,TRUE,39
"63","Chordata","Mammalia","Procreodi","Arctocyonidae","Colpoclaenus","","Colpoclaenus","","Colpoclaenus","Colpoclaenus",2,TRUE,0
"64","Chordata","Mammalia","Procreodi","Arctocyonidae","Colpoclaenus","procyonoides","Colpoclaenus","procyonoides","Colpoclaenus procyonoides","Colpoclaenus procyonoides",7,TRUE,3
"65","Chordata","Mammalia","Procreodi","Arctocyonidae","Colpoclaenus","keeferi","Colpoclaenus","keeferi","Colpoclaenus keeferi","Colpoclaenus keeferi",8,TRUE,1
"66","Chordata","Mammalia","Procreodi","Arctocyonidae","Arctocyonides","","Arctocyonides","","Arctocyonides","Arctocyonides",0,FALSE,0
"67","Chordata","Mammalia","Procreodi","Arctocyonidae","Arctocyonides","trouessarti","Arctocyonides","trouessarti","Arctocyonides trouessarti","Arctocyonides trouessarti",1,FALSE,0
"68","Chordata","Mammalia","Procreodi","Arctocyonidae","Arctocyonides","jefferyi","Arctocyonides","jefferyi","Arctocyonides jefferyi","Arctocyonides jefferyi",1,FALSE,0
"69","Chordata","Mammalia","Procreodi","Arctocyonidae","Arctocyonides","weigelti","Arctocyonides","weigelti","Arctocyonides weigelti","Arctocyonides weigelti",2,FALSE,0
"70","Chordata","Mammalia","Procreodi","Arctocyonidae","Arctocyonides","arenae","Arctocyonides","arenae","Arctocyonides arenae","Arctocyonides arenae",3,FALSE,0
"71","Chordata","Mammalia","Procreodi","Arctocyonidae","Princetonia","","Princetonia","","Princetonia","Princetonia",1,TRUE,0
"72","Chordata","Mammalia","Procreodi","Arctocyonidae","Princetonia","yalensis","Princetonia","yalensis","Princetonia yalensis","Princetonia yalensis",16,TRUE,1
"73","Chordata","Mammalia","Procreodi","Arctocyonidae","Aphanocyon","","Aphanocyon","","Aphanocyon","Aphanocyon",1,TRUE,0
"74","Chordata","Mammalia","Procreodi","Arctocyonidae","Aphanocyon","codyensis","Aphanocyon","codyensis","Aphanocyon codyensis","Aphanocyon codyensis",2,TRUE,0
"75","Chordata","Mammalia","Procreodi","Arctocyonidae","Aphanocyon","amaurus","Aphanocyon","amaurus","Aphanocyon amaurus","Aphanocyon amaurus",1,TRUE,0
"76","Chordata","Mammalia","Procreodi","Arctocyonidae","Mimotricentes","","Mimotricentes","","Mimotricentes","Mimotricentes",10,TRUE,0
"77","Chordata","Mammalia","Procreodi","Arctocyonidae","Mimotricentes","fremontensis","Mimotricentes","fremontensis","Mimotricentes fremontensis","Mimotricentes fremontensis",5,TRUE,4
"78","Chordata","Mammalia","Procreodi","Arctocyonidae","Mimotricentes","angustidens","Mimotricentes","angustidens","Mimotricentes angustidens","Mimotricentes angustidens",0,FALSE,4
"79","Chordata","Mammalia","Procreodi","Arctocyonidae","Mimotricentes","tedfordi","Mimotricentes","tedfordi","Mimotricentes tedfordi","Mimotricentes tedfordi",5,TRUE,1
"80","Chordata","Mammalia","Procreodi","Arctocyonidae","Oxyprimus","","Oxyprimus","","Oxyprimus","Oxyprimus",9,TRUE,0
"81","Chordata","Mammalia","Procreodi","Arctocyonidae","Oxyprimus","galadrielae","Oxyprimus","galadrielae","Oxyprimus galadrielae","Oxyprimus galadrielae",4,TRUE,34
"82","Chordata","Mammalia","Procreodi","Arctocyonidae","Oxyprimus","putorius","Oxyprimus","putorius","Oxyprimus putorius","Oxyprimus putorius",1,TRUE,1
"83","Chordata","Mammalia","Procreodi","Arctocyonidae","Oxyprimus","erikseni","Oxyprimus","erikseni","Oxyprimus erikseni","Oxyprimus erikseni",24,TRUE,18
"84","Chordata","Mammalia","Procreodi","Arctocyonidae","Loxolophus","","Loxolophus","","Loxolophus","Loxolophus",10,TRUE,0
"85","Chordata","Mammalia","Procreodi","Arctocyonidae","Loxolophus","pentacus","Loxolophus","pentacus","Loxolophus pentacus","Loxolophus pentacus",6,TRUE,3
"86","Chordata","Mammalia","Procreodi","Arctocyonidae","Loxolophus","pentacus","Chriacus","ruetimeyerianus","Loxolophus pentacus","Chriacus ruetimeyerianus",6,TRUE,3
"87","Chordata","Mammalia","Procreodi","Arctocyonidae","Loxolophus","stenognathus","Loxolophus","stenognathus","Loxolophus stenognathus","Loxolophus stenognathus",1,TRUE,0
"88","Chordata","Mammalia","Procreodi","Arctocyonidae","Loxolophus","criswelli","Loxolophus","criswelli","Loxolophus criswelli","Loxolophus criswelli",1,TRUE,0
"89","Chordata","Mammalia","Procreodi","Arctocyonidae","Loxolophus","schizophrenus","Loxolophus","schizophrenus","Loxolophus schizophrenus","Loxolophus schizophrenus",3,TRUE,0
"90","Chordata","Mammalia","Procreodi","Arctocyonidae","Loxolophus","priscus","Loxolophus","priscus","Loxolophus priscus","Loxolophus priscus",4,TRUE,16
"91","Chordata","Mammalia","Procreodi","Arctocyonidae","Loxolophus","","Protochriacus","","Loxolophus","Protochriacus",10,TRUE,0
"92","Chordata","Mammalia","Procreodi","Arctocyonidae","Loxolophus","simplex","Protochriacus","simplex","Protochriacus simplex","Protochriacus simplex",6,TRUE,6
"93","Chordata","Mammalia","Procreodi","Arctocyonidae","Loxolophus","simplex","Mioclaenus","filholianus","Protochriacus simplex","Mioclaenus filholianus",6,TRUE,6
"94","Chordata","Mammalia","Procreodi","Arctocyonidae","Loxolophus","grangeri","Loxolophus","grangeri","Loxolophus grangeri","Loxolophus grangeri",0,FALSE,1
"95","Chordata","Mammalia","Procreodi","Arctocyonidae","Loxolophus","spiekeri","Loxolophus","spiekeri","Loxolophus spiekeri","Loxolophus spiekeri",2,TRUE,0
"96","Chordata","Mammalia","Procreodi","Arctocyonidae","Loxolophus","spiekeri","Protogonodon","biathales","Loxolophus spiekeri","Protogonodon biathales",2,TRUE,0
"97","Chordata","Mammalia","Procreodi","Arctocyonidae","Loxolophus","","Paradoxodonta","","Loxolophus","Paradoxodonta",10,TRUE,0
"98","Chordata","Mammalia","Procreodi","Arctocyonidae","Loxolophus","","Deltatherium","interruptum","Loxolophus","Deltatherium interruptum",10,TRUE,0
"99","Chordata","Mammalia","Procreodi","Arctocyonidae","Loxolophus","","Protogonodon","","Loxolophus","Protogonodon",10,TRUE,0
"100","Chordata","Mammalia","Procreodi","Arctocyonidae","Loxolophus","faulkneri","Loxolophus","faulkneri","Loxolophus faulkneri","Loxolophus faulkneri",3,TRUE,4
"101","Chordata","Mammalia","Procreodi","Arctocyonidae","Loxolophus","kimbetovius","Loxolophus","kimbetovius","Loxolophus kimbetovius","Loxolophus kimbetovius",2,TRUE,2
"102","Chordata","Mammalia","Procreodi","Arctocyonidae","Loxolophus","hyattianus","Loxolophus","hyattianus","Loxolophus hyattianus","Loxolophus hyattianus",11,TRUE,8
"103","Chordata","Mammalia","Procreodi","Arctocyonidae","Loxolophus","hyattianus","Protochriacus","attenuatus","Loxolophus hyattianus","Protochriacus attenuatus",11,TRUE,8
"104","Chordata","Mammalia","Procreodi","Arctocyonidae","Loxolophus","hyattianus","Mimotricentes","mirielae","Loxolophus hyattianus","Mimotricentes mirielae",11,TRUE,8
"105","Chordata","Mammalia","Procreodi","Arctocyonidae","Loxolophus","hyattianus","Loxolophus","adapinus","Loxolophus hyattianus","Loxolophus adapinus",11,TRUE,8
"106","Chordata","Mammalia","Procreodi","Arctocyonidae","Heteroborus","","Heteroborus","","Heteroborus","Heteroborus",0,FALSE,0
"107","Chordata","Mammalia","Procreodi","Arctocyonidae","Heteroborus","duelii","Heteroborus","duelii","Heteroborus duelii","Heteroborus duelii",0,FALSE,0
"108","Chordata","Mammalia","Procreodi","Arctocyonidae","Deuterogonodon","","Deuterogonodon","","Deuterogonodon","Deuterogonodon",1,TRUE,0
"109","Chordata","Mammalia","Procreodi","Arctocyonidae","Deuterogonodon","montanus","Deuterogonodon","montanus","Deuterogonodon montanus","Deuterogonodon montanus",1,TRUE,4
"110","Chordata","Mammalia","Procreodi","Arctocyonidae","Deuterogonodon","noletil","Deuterogonodon","noletil","Deuterogonodon noletil","Deuterogonodon noletil",4,TRUE,1
"111","Chordata","Mammalia","Procreodi","Arctocyonidae","Baioconodon","","Baioconodon","","Baioconodon","Baioconodon",5,TRUE,0
"112","Chordata","Mammalia","Procreodi","Arctocyonidae","Baioconodon","wovokae","Baioconodon","wovokae","Baioconodon wovokae","Baioconodon wovokae",1,TRUE,1
"113","Chordata","Mammalia","Procreodi","Arctocyonidae","Baioconodon","denverensis","Baioconodon","denverensis","Baioconodon denverensis","Baioconodon denverensis",6,TRUE,51
"114","Chordata","Mammalia","Procreodi","Arctocyonidae","Baioconodon","jeffersonensis","Baioconodon","jeffersonensis","Baioconodon jeffersonensis","Baioconodon jeffersonensis",0,FALSE,3
"115","Chordata","Mammalia","Procreodi","Arctocyonidae","Baioconodon","","Ragnarok","","Baioconodon","Ragnarok",5,TRUE,0
"116","Chordata","Mammalia","Procreodi","Arctocyonidae","Baioconodon","nordicus","Baioconodon","nordicus","Baioconodon nordicus","Baioconodon nordicus",34,TRUE,19
"117","Chordata","Mammalia","Procreodi","Arctocyonidae","Baioconodon","nordicus","Ragnarok","harbichti","Baioconodon nordicus","Ragnarok harbichti",34,TRUE,19
"118","Chordata","Mammalia","Procreodi","Arctocyonidae","Baioconodon","middletoni","Baioconodon","middletoni","Baioconodon middletoni","Baioconodon middletoni",1,TRUE,1
"119","Chordata","Mammalia","Procreodi","Arctocyonidae","Baioconodon","cannoni","Baioconodon","cannoni","Baioconodon cannoni","Baioconodon cannoni",0,FALSE,5
"120","Chordata","Mammalia","Procreodi","Arctocyonidae","Baioconodon","engdahli","Baioconodon","engdahli","Baioconodon engdahli","Baioconodon engdahli",4,TRUE,0
"121","Chordata","Mammalia","Procreodi","Arctocyonidae","Anacodon","","Anacodon","","Anacodon","Anacodon",3,TRUE,0
"122","Chordata","Mammalia","Procreodi","Arctocyonidae","Anacodon","cultridens","Anacodon","cultridens","Anacodon cultridens","Anacodon cultridens",0,FALSE,2
"123","Chordata","Mammalia","Procreodi","Arctocyonidae","Anacodon","ursidens","Anacodon","ursidens","Anacodon ursidens","Anacodon ursidens",26,TRUE,4
"124","Chordata","Mammalia","Procreodi","Arctocyonidae","Oxyclaenus","","Oxyclaenus","","Oxyclaenus","Oxyclaenus",4,TRUE,0
"125","Chordata","Mammalia","Procreodi","Arctocyonidae","Oxyclaenus","corax","Oxyclaenus","corax","Oxyclaenus corax","Oxyclaenus corax",1,TRUE,0
"126","Chordata","Mammalia","Procreodi","Arctocyonidae","Oxyclaenus","subbituminus","Oxyclaenus","subbituminus","Oxyclaenus subbituminus","Oxyclaenus subbituminus",1,TRUE,56
"127","Chordata","Mammalia","Procreodi","Arctocyonidae","Oxyclaenus","pugnax","Oxyclaenus","pugnax","Oxyclaenus pugnax","Oxyclaenus pugnax",4,TRUE,3
"128","Chordata","Mammalia","Procreodi","Arctocyonidae","Oxyclaenus","pugnax","Thangorodrim","thalion","Oxyclaenus pugnax","Thangorodrim thalion",4,TRUE,3
"129","Chordata","Mammalia","Procreodi","Arctocyonidae","Oxyclaenus","","Microclaenodon","","Oxyclaenus","Microclaenodon",4,TRUE,0
"130","Chordata","Mammalia","Procreodi","Arctocyonidae","Oxyclaenus","assurgens","Microclaenodon","assurgens","Microclaenodon assurgens","Microclaenodon assurgens",4,TRUE,0
"131","Chordata","Mammalia","Procreodi","Arctocyonidae","Oxyclaenus","cuspidatus","Oxyclaenus","cuspidatus","Oxyclaenus cuspidatus","Oxyclaenus cuspidatus",7,TRUE,7
"132","Chordata","Mammalia","Procreodi","Arctocyonidae","Oxyclaenus","","Thangorodrim","","Oxyclaenus","Thangorodrim",4,TRUE,0
"133","Chordata","Mammalia","Procreodi","Arctocyonidae","Arctocyon","","Arctocyon","","Arctocyon","Arctocyon",11,TRUE,0
"134","Chordata","Mammalia","Procreodi","Arctocyonidae","Arctocyon","nexus","Arctocyon","nexus","Arctocyon nexus","Arctocyon nexus",22,TRUE,1
"135","Chordata","Mammalia","Procreodi","Arctocyonidae","Arctocyon","ferox","Arctocyon","ferox","Arctocyon ferox","Arctocyon ferox",32,TRUE,103
"136","Chordata","Mammalia","Procreodi","Arctocyonidae","Arctocyon","acrogenius","Arctocyon","acrogenius","Arctocyon acrogenius","Arctocyon acrogenius",14,TRUE,5
"137","Chordata","Mammalia","Procreodi","Arctocyonidae","Arctocyon","acrogenius","Arctocyonides","mumak","Arctocyon acrogenius","Arctocyonides mumak",14,TRUE,5
"138","Chordata","Mammalia","Procreodi","Arctocyonidae","Arctocyon","primaevus","Arctocyon","primaevus","Arctocyon primaevus","Arctocyon primaevus",2,FALSE,0
"139","Chordata","Mammalia","Procreodi","Arctocyonidae","Arctocyon","corrugatus","Arctocyon","corrugatus","Arctocyon corrugatus","Arctocyon corrugatus",14,TRUE,34
"140","Chordata","Mammalia","Procreodi","Arctocyonidae","Arctocyon","corrugatus","Neoclaenodon","montanensis","Arctocyon corrugatus","Neoclaenodon montanensis",14,TRUE,34
"141","Chordata","Mammalia","Procreodi","Arctocyonidae","Arctocyon","corrugatus","Claenodon","vecordensis","Arctocyon corrugatus","Claenodon vecordensis",14,TRUE,34
"142","Chordata","Mammalia","Procreodi","Arctocyonidae","Maiorana","","Maiorana","","Maiorana","Maiorana",1,TRUE,0
"143","Chordata","Mammalia","Procreodi","Arctocyonidae","Maiorana","noctiluca","Maiorana","noctiluca","Maiorana noctiluca","Maiorana noctiluca",2,TRUE,8
"144","Chordata","Mammalia","Procreodi","Arctocyonidae","Maiorana","ferrisensis","Maiorana","ferrisensis","Maiorana ferrisensis","Maiorana ferrisensis",1,TRUE,1
"145","Chordata","Mammalia","Procreodi","Arctocyonidae","Claenodon","","Claenodon","","Claenodon","Claenodon",3,TRUE,0
"146","Chordata","Mammalia","Procreodi","Arctocyonidae","Claenodon","protogoniodes","Claenodon","protogoniodes","Claenodon protogoniodes","Claenodon protogoniodes",0,FALSE,0
"147","Chordata","Mammalia","Procreodi","Arctocyonidae","Claenodon","silberlingi","Claenodon","silberlingi","Claenodon silberlingi","Claenodon silberlingi",0,FALSE,2
"148","Chordata","Mammalia","Procreodi","Arctocyonidae","Claenodon","","Neoclaenodon","","Claenodon","Neoclaenodon",3,TRUE,0
"149","Chordata","Mammalia","Procreodi","Arctocyonidae","Claenodon","latidens","Claenodon","latidens","Claenodon latidens","Claenodon latidens",0,FALSE,2
"150","Chordata","Mammalia","Procreodi","Arctocyonidae","Sigynorum","","Sigynorum","","Sigynorum","Sigynorum",0,FALSE,0
"151","Chordata","Mammalia","Procreodi","Arctocyonidae","Sigynorum","magnadivisus","Sigynorum","magnadivisus","Sigynorum magnadivisus","Sigynorum magnadivisus",2,TRUE,22
"152","Chordata","Mammalia","Procreodi","Arctocyonidae","Desmatoclaenus","","Desmatoclaenus","","Desmatoclaenus","Desmatoclaenus",5,TRUE,0
"153","Chordata","Mammalia","Procreodi","Arctocyonidae","Desmatoclaenus","dianae","Desmatoclaenus","dianae","Desmatoclaenus dianae","Desmatoclaenus dianae",2,TRUE,1
"154","Chordata","Mammalia","Procreodi","Arctocyonidae","Desmatoclaenus","protogonioides","Desmatoclaenus","protogonioides","Desmatoclaenus protogonioides","Desmatoclaenus protogonioides",4,TRUE,3
"155","Chordata","Mammalia","Procreodi","Arctocyonidae","Desmatoclaenus","hermaeus","Desmatoclaenus","hermaeus","Desmatoclaenus hermaeus","Desmatoclaenus hermaeus",4,TRUE,4
"156","Chordata","Mammalia","Procreodi","Arctocyonidae","Desmatoclaenus","hermaeus","Desmatoclaenus","paracreodus","Desmatoclaenus hermaeus","Desmatoclaenus paracreodus",4,TRUE,4
"157","Chordata","Mammalia","Procreodi","Arctocyonidae","Desmatoclaenus","mearae","Desmatoclaenus","mearae","Desmatoclaenus mearae","Desmatoclaenus mearae",1,TRUE,1
"158","Chordata","Mammalia","Procreodi","Arctocyonidae","Mentoclaenodon","","Mentoclaenodon","","Mentoclaenodon","Mentoclaenodon",1,FALSE,0
"159","Chordata","Mammalia","Procreodi","Arctocyonidae","Mimatuta","","Mimatuta","","Mimatuta","Mimatuta",26,TRUE,0
"160","Chordata","Mammalia","Procreodi","Arctocyonidae","Mimatuta","morgoth","Mimatuta","morgoth","Mimatuta morgoth","Mimatuta morgoth",20,TRUE,28
"161","Chordata","Mammalia","Procreodi","Arctocyonidae","Mimatuta","","Earendil","","Mimatuta","Earendil",26,TRUE,0
"162","Chordata","Mammalia","Procreodi","Arctocyonidae","Mimatuta","undomiel","Earendil","undomiel","Earendil undomiel","Earendil undomiel",0,FALSE,1
"163","Chordata","Mammalia","Procreodi","Arctocyonidae","Mimatuta","makpialutae","Mimatuta","makpialutae","Mimatuta makpialutae","Mimatuta makpialutae",1,TRUE,1
"164","Chordata","Mammalia","Procreodi","Arctocyonidae","Mimatuta","minuial","Mimatuta","minuial","Mimatuta minuial","Mimatuta minuial",10,TRUE,6
"165","Chordata","Mammalia","Procreodi","Arctocyonidae","","","Loxolophinae","","Loxolophinae","Loxolophinae",0,FALSE,0
"166","Chordata","Mammalia","Procreodi","Arctocyonidae","Hyodectes","","Hyodectes","","Hyodectes","Hyodectes",0,FALSE,0
"167","Chordata","Mammalia","Procreodi","Arctocyonidae","Hyodectes","gervaisii","Hyodectes","gervaisii","Hyodectes gervaisii","Hyodectes gervaisii",0,FALSE,0
"168","Chordata","Mammalia","Condylarthra","Chriacidae","","","Chriacidae","","Chriacidae","Chriacidae",0,FALSE,0
"169","Chordata","Mammalia","Condylarthra","Chriacidae","Prothryptacodon","","Prothryptacodon","","Prothryptacodon","Prothryptacodon",1,TRUE,0
"170","Chordata","Mammalia","Condylarthra","Chriacidae","Prothryptacodon","ambiguus","Prothryptacodon","ambiguus","Prothryptacodon ambiguus","Prothryptacodon ambiguus",1,TRUE,0
"171","Chordata","Mammalia","Condylarthra","Chriacidae","Prothryptacodon","furens","Prothryptacodon","furens","Prothryptacodon furens","Prothryptacodon furens",6,TRUE,4
"172","Chordata","Mammalia","Condylarthra","Chriacidae","Prothryptacodon","","Pantinomia","","Prothryptacodon","Pantinomia",1,TRUE,0
"173","Chordata","Mammalia","Condylarthra","Chriacidae","Prothryptacodon","albertensis","Prothryptacodon","albertensis","Prothryptacodon albertensis","Prothryptacodon albertensis",2,TRUE,7
"174","Chordata","Mammalia","Condylarthra","Chriacidae","Prothryptacodon","hilli","Prothryptacodon","hilli","Prothryptacodon hilli","Prothryptacodon hilli",4,TRUE,0
"175","Chordata","Mammalia","Condylarthra","Hyopsodontidae","","","Hyopsodontidae","","Hyopsodontidae","Hyopsodontidae",15,TRUE,0
"176","Chordata","Mammalia","Condylarthra","Hyopsodontidae","Valenia","","Valenia","","Valenia","Valenia",1,TRUE,0
"177","Chordata","Mammalia","Condylarthra","Hyopsodontidae","Valenia","wilsoni","Valenia","wilsoni","Valenia wilsoni","Valenia wilsoni",6,TRUE,6
"178","Chordata","Mammalia","Condylarthra","Hyopsodontidae","Litaletes","","Litaletes","","Litaletes","Litaletes",2,TRUE,0
"179","Chordata","Mammalia","Condylarthra","Hyopsodontidae","Litaletes","disjunctus","Litaletes","disjunctus","Litaletes disjunctus","Litaletes disjunctus",11,TRUE,8
"180","Chordata","Mammalia","Condylarthra","Hyopsodontidae","Litaletes","ondolinde","Litaletes","ondolinde","Litaletes ondolinde","Litaletes ondolinde",1,TRUE,1
"181","Chordata","Mammalia","Condylarthra","Hyopsodontidae","Litaletes","gazini","Litaletes","gazini","Litaletes gazini","Litaletes gazini",1,TRUE,0
"182","Chordata","Mammalia","Condylarthra","Hyopsodontidae","Promioclaenus","","Promioclaenus","","Promioclaenus","Promioclaenus",8,TRUE,0
"183","Chordata","Mammalia","Condylarthra","Hyopsodontidae","Promioclaenus","walshi","Promioclaenus","walshi","Promioclaenus walshi","Promioclaenus walshi",2,TRUE,0
"184","Chordata","Mammalia","Condylarthra","Hyopsodontidae","Promioclaenus","pipiringosi","Promioclaenus","pipiringosi","Promioclaenus pipiringosi","Promioclaenus pipiringosi",2,TRUE,3
"185","Chordata","Mammalia","Condylarthra","Hyopsodontidae","Promioclaenus","thnetus","Promioclaenus","thnetus","Promioclaenus thnetus","Promioclaenus thnetus",4,TRUE,15
"186","Chordata","Mammalia","Condylarthra","Hyopsodontidae","Promioclaenus","lemuroides","Promioclaenus","lemuroides","Promioclaenus lemuroides","Promioclaenus lemuroides",15,TRUE,8
"187","Chordata","Mammalia","Condylarthra","Hyopsodontidae","Promioclaenus","lemuroides","Ellipsodon","shepherdi","Promioclaenus lemuroides","Ellipsodon shepherdi",15,TRUE,8
"188","Chordata","Mammalia","Condylarthra","Hyopsodontidae","Promioclaenus","lemuroides","Jepsenia","mantiensis","Promioclaenus lemuroides","Jepsenia mantiensis",15,TRUE,8
"189","Chordata","Mammalia","Condylarthra","Hyopsodontidae","Promioclaenus","acolytus","Promioclaenus","acolytus","Promioclaenus acolytus","Promioclaenus acolytus",39,TRUE,24
"190","Chordata","Mammalia","Condylarthra","Hyopsodontidae","Promioclaenus","acolytus","Ellipsodon","aquilonius","Promioclaenus acolytus","Ellipsodon aquilonius",39,TRUE,24
"191","Chordata","Mammalia","Condylarthra","Hyopsodontidae","Promioclaenus","acolytus","Mioclaenus","minimus","Promioclaenus acolytus","Mioclaenus minimus",39,TRUE,24
"192","Chordata","Mammalia","Condylarthra","Hyopsodontidae","Promioclaenus","","Jepsenia","","Promioclaenus","Jepsenia",8,TRUE,0
"193","Chordata","Mammalia","Condylarthra","Hyopsodontidae","Asiohyopsodus","","Asiohyopsodus","","Asiohyopsodus","Asiohyopsodus",0,FALSE,0
"194","Chordata","Mammalia","Condylarthra","Hyopsodontidae","Asiohyopsodus","confuciusi","Asiohyopsodus","confuciusi","Asiohyopsodus confuciusi","Asiohyopsodus confuciusi",3,FALSE,0
"195","Chordata","Mammalia","Condylarthra","Hyopsodontidae","Midiagnus","","Midiagnus","","Midiagnus","Midiagnus",0,FALSE,0
"196","Chordata","Mammalia","Condylarthra","Hyopsodontidae","Midiagnus","gracilis","Midiagnus","gracilis","Midiagnus gracilis","Midiagnus gracilis",1,FALSE,0
"197","Chordata","Mammalia","Condylarthra","Hyopsodontidae","Yuodon","","Yuodon","","Yuodon","Yuodon",0,FALSE,0
"198","Chordata","Mammalia","Condylarthra","Hyopsodontidae","Yuodon","protoselenoides","Yuodon","protoselenoides","Yuodon protoselenoides","Yuodon protoselenoides",2,FALSE,0
"199","Chordata","Mammalia","Condylarthra","Hyopsodontidae","","","Mioclaenidae","","Hyopsodontidae","Mioclaenidae",15,TRUE,0
"200","Chordata","Mammalia","Condylarthra","Hyopsodontidae","","","Mioclaeninae","","Mioclaeninae","Mioclaeninae",0,FALSE,0
"201","Chordata","Mammalia","Condylarthra","Hyopsodontidae","Palasiodon","","Palasiodon","","Palasiodon","Palasiodon",0,FALSE,0
"202","Chordata","Mammalia","Condylarthra","Hyopsodontidae","Palasiodon","siurenensis","Palasiodon","siurenensis","Palasiodon siurenensis","Palasiodon siurenensis",2,FALSE,0
"203","Chordata","Mammalia","Condylarthra","Hyopsodontidae","Ellipsodon","","Ellipsodon","","Ellipsodon","Ellipsodon",0,FALSE,0
"204","Chordata","Mammalia","Condylarthra","Hyopsodontidae","Ellipsodon","sternbergi","Ellipsodon","sternbergi","Ellipsodon sternbergi","Ellipsodon sternbergi",1,TRUE,3
"205","Chordata","Mammalia","Condylarthra","Hyopsodontidae","Ellipsodon","yotankae","Ellipsodon","yotankae","Ellipsodon yotankae","Ellipsodon yotankae",9,TRUE,13
"206","Chordata","Mammalia","Condylarthra","Hyopsodontidae","Ellipsodon","grangeri","Ellipsodon","grangeri","Ellipsodon grangeri","Ellipsodon grangeri",9,TRUE,18
"207","Chordata","Mammalia","Condylarthra","Hyopsodontidae","Ellipsodon","grangeri","Ellipsodon","witkoi","Ellipsodon grangeri","Ellipsodon witkoi",9,TRUE,18
"208","Chordata","Mammalia","Condylarthra","Hyopsodontidae","Ellipsodon","inaequidens","Ellipsodon","inaequidens","Ellipsodon inaequidens","Ellipsodon inaequidens",6,TRUE,17
"209","Chordata","Mammalia","Condylarthra","Hyopsodontidae","Bomburia","","Bomburia","","Bomburia","Bomburia",1,TRUE,0
"210","Chordata","Mammalia","Condylarthra","Hyopsodontidae","Bomburia","","Platymastus","","Bomburia","Platymastus",1,TRUE,0
"211","Chordata","Mammalia","Condylarthra","Hyopsodontidae","Bomburodon","","Bomburodon","","Bomburodon","Bomburodon",0,FALSE,0
"212","Chordata","Mammalia","Condylarthra","Hyopsodontidae","Bomburodon","priscus","Bomburodon","priscus","Bomburodon priscus","Bomburodon priscus",8,TRUE,9
"213","Chordata","Mammalia","Condylarthra","Hyopsodontidae","Bomburodon","priscus","Platymastus","palantir","Bomburodon priscus","Platymastus palantir",8,TRUE,9
"214","Chordata","Mammalia","Condylarthra","Hyopsodontidae","Tiznatzinia","","Tiznatzinia","","Tiznatzinia","Tiznatzinia",1,TRUE,0
"215","Chordata","Mammalia","Condylarthra","Hyopsodontidae","Tiznatzinia","vanderhoofi","Tiznatzinia","vanderhoofi","Tiznatzinia vanderhoofi","Tiznatzinia vanderhoofi",2,TRUE,1
"216","Chordata","Mammalia","Condylarthra","Hyopsodontidae","Pascualodus","","Pascualodus","","Pascualodus","Pascualodus",0,FALSE,0
"217","Chordata","Mammalia","Condylarthra","Hyopsodontidae","Pascualodus","patagoniensis","Pascualodus","patagoniensis","Pascualodus patagoniensis","Pascualodus patagoniensis",1,FALSE,0
"218","Chordata","Mammalia","Condylarthra","Hyopsodontidae","","","Kollpaniinae","","Kollpaniinae","Kollpaniinae",0,FALSE,0
"219","Chordata","Mammalia","Condylarthra","Hyopsodontidae","","","Molinodinae","","Kollpaniinae","Molinodinae",0,FALSE,0
"220","Chordata","Mammalia","Condylarthra","Hyopsodontidae","Simoclaenus","","Simoclaenus","","Simoclaenus","Simoclaenus",0,FALSE,0
"221","Chordata","Mammalia","Condylarthra","Hyopsodontidae","Simoclaenus","sylvaticus","Simoclaenus","sylvaticus","Simoclaenus sylvaticus","Simoclaenus sylvaticus",2,FALSE,0
"222","Chordata","Mammalia","Condylarthra","Hyopsodontidae","Tiuclaenus","","Tiuclaenus","","Tiuclaenus","Tiuclaenus",0,FALSE,0
"223","Chordata","Mammalia","Condylarthra","Hyopsodontidae","Tiuclaenus","minutus","Tiuclaenus","minutus","Tiuclaenus minutus","Tiuclaenus minutus",2,FALSE,0
"224","Chordata","Mammalia","Condylarthra","Hyopsodontidae","Tiuclaenus","minutus","Kollpania","tiupampina","Tiuclaenus minutus","Kollpania tiupampina",2,FALSE,0
"225","Chordata","Mammalia","Condylarthra","Hyopsodontidae","Tiuclaenus","robustus","Tiuclaenus","robustus","Tiuclaenus robustus","Tiuclaenus robustus",1,FALSE,0
"226","Chordata","Mammalia","Condylarthra","Hyopsodontidae","Tiuclaenus","cotasi","Tiuclaenus","cotasi","Tiuclaenus cotasi","Tiuclaenus cotasi",2,FALSE,0
"227","Chordata","Mammalia","Condylarthra","Hyopsodontidae","Andinodus","","Andinodus","","Andinodus","Andinodus",0,FALSE,0
"228","Chordata","Mammalia","Condylarthra","Hyopsodontidae","Andinodus","boliviensis","Andinodus","boliviensis","Andinodus boliviensis","Andinodus boliviensis",1,FALSE,0
"229","Chordata","Mammalia","Condylarthra","Hyopsodontidae","Pucanodus","","Pucanodus","","Pucanodus","Pucanodus",0,FALSE,0
"230","Chordata","Mammalia","Condylarthra","Hyopsodontidae","Pucanodus","gagnieri","Pucanodus","gagnieri","Pucanodus gagnieri","Pucanodus gagnieri",2,FALSE,0
"231","Chordata","Mammalia","Condylarthra","Hyopsodontidae","Chacomylus","","Chacomylus","","Chacomylus","Chacomylus",0,FALSE,0
"232","Chordata","Mammalia","Condylarthra","Hyopsodontidae","Chacomylus","sladei","Chacomylus","sladei","Chacomylus sladei","Chacomylus sladei",1,TRUE,8
"233","Chordata","Mammalia","Condylarthra","Hyopsodontidae","Hyopsodus","","Hyopsodus","","Hyopsodus","Hyopsodus",232,TRUE,0
"234","Chordata","Mammalia","Condylarthra","Hyopsodontidae","Hyopsodus","markmani","Hyopsodus","markmani","Hyopsodus markmani","Hyopsodus markmani",0,FALSE,0
"235","Chordata","Mammalia","Condylarthra","Hyopsodontidae","Hyopsodus","paulus","Hyopsodus","paulus","Hyopsodus paulus","Hyopsodus paulus",82,TRUE,2
"236","Chordata","Mammalia","Condylarthra","Hyopsodontidae","Hyopsodus","paulus","Stenacodon","rarus","Hyopsodus paulus","Stenacodon rarus",82,TRUE,2
"237","Chordata","Mammalia","Condylarthra","Hyopsodontidae","Hyopsodus","paulus","Hyopsodus","marshi","Hyopsodus paulus","Hyopsodus marshi",82,TRUE,2
"238","Chordata","Mammalia","Condylarthra","Hyopsodontidae","Hyopsodus","paulus","Hyopsodus","despiciens","Hyopsodus paulus","Hyopsodus despiciens",82,TRUE,2
"239","Chordata","Mammalia","Condylarthra","Hyopsodontidae","Hyopsodus","fangxianensis","Hyopsodus","fangxianensis","Hyopsodus fangxianensis","Hyopsodus fangxianensis",1,FALSE,0
"240","Chordata","Mammalia","Condylarthra","Hyopsodontidae","Hyopsodus","fastigatus","Hyopsodus","fastigatus","Hyopsodus fastigatus","Hyopsodus fastigatus",1,TRUE,0
"241","Chordata","Mammalia","Condylarthra","Hyopsodontidae","Hyopsodus","","Stenacodon","","Hyopsodus","Stenacodon",232,TRUE,0
"242","Chordata","Mammalia","Condylarthra","Hyopsodontidae","Hyopsodus","pygmaeus","Hyopsodus","pygmaeus","Hyopsodus pygmaeus","Hyopsodus pygmaeus",0,FALSE,1
"243","Chordata","Mammalia","Condylarthra","Hyopsodontidae","Hyopsodus","tonksi","Hyopsodus","tonksi","Hyopsodus tonksi","Hyopsodus tonksi",3,TRUE,0
"244","Chordata","Mammalia","Condylarthra","Hyopsodontidae","Hyopsodus","minusculus","Hyopsodus","minusculus","Hyopsodus minusculus","Hyopsodus minusculus",60,TRUE,1
"245","Chordata","Mammalia","Condylarthra","Hyopsodontidae","Hyopsodus","latidens","Hyopsodus","latidens","Hyopsodus latidens","Hyopsodus latidens",32,TRUE,0
"246","Chordata","Mammalia","Condylarthra","Hyopsodontidae","Hyopsodus","","Lemuravus","","Hyopsodus","Lemuravus",232,TRUE,0
"247","Chordata","Mammalia","Condylarthra","Hyopsodontidae","Hyopsodus","distans","Lemuravus","distans","Lemuravus distans","Lemuravus distans",0,FALSE,0
"248","Chordata","Mammalia","Condylarthra","Hyopsodontidae","Hyopsodus","itinerans","Hyopsodus","itinerans","Hyopsodus itinerans","Hyopsodus itinerans",1,FALSE,0
"249","Chordata","Mammalia","Condylarthra","Hyopsodontidae","Hyopsodus","pauxillus","Hyopsodus","pauxillus","Hyopsodus pauxillus","Hyopsodus pauxillus",9,TRUE,0
"250","Chordata","Mammalia","Condylarthra","Hyopsodontidae","Hyopsodus","powellianus","Hyopsodus","powellianus","Hyopsodus powellianus","Hyopsodus powellianus",86,TRUE,1
"251","Chordata","Mammalia","Condylarthra","Hyopsodontidae","Hyopsodus","powellianus","Hyopsodus","lawsoni","Hyopsodus powellianus","Hyopsodus lawsoni",86,TRUE,1
"252","Chordata","Mammalia","Condylarthra","Hyopsodontidae","Hyopsodus","powellianus","Hyopsodus","browni","Hyopsodus powellianus","Hyopsodus browni",86,TRUE,1
"253","Chordata","Mammalia","Condylarthra","Hyopsodontidae","Hyopsodus","powellianus","Hyopsodus","jacksoni","Hyopsodus powellianus","Hyopsodus jacksoni",86,TRUE,1
"254","Chordata","Mammalia","Condylarthra","Hyopsodontidae","Hyopsodus","wardi","Hyopsodus","wardi","Hyopsodus wardi","Hyopsodus wardi",3,FALSE,0
"255","Chordata","Mammalia","Condylarthra","Hyopsodontidae","Hyopsodus","lysitensis","Hyopsodus","lysitensis","Hyopsodus lysitensis","Hyopsodus lysitensis",102,TRUE,0
"256","Chordata","Mammalia","Condylarthra","Hyopsodontidae","Hyopsodus","walcottianus","Hyopsodus","walcottianus","Hyopsodus walcottianus","Hyopsodus walcottianus",14,TRUE,0
"257","Chordata","Mammalia","Condylarthra","Hyopsodontidae","Hyopsodus","sholemi","Hyopsodus","sholemi","Hyopsodus sholemi","Hyopsodus sholemi",1,TRUE,0
"258","Chordata","Mammalia","Condylarthra","Hyopsodontidae","Hyopsodus","huashigouensis","Hyopsodus","huashigouensis","Hyopsodus huashigouensis","Hyopsodus huashigouensis",1,FALSE,0
"259","Chordata","Mammalia","Condylarthra","Hyopsodontidae","Hyopsodus","miticulus","Hyopsodus","miticulus","Hyopsodus miticulus","Hyopsodus miticulus",9,TRUE,2
"260","Chordata","Mammalia","Condylarthra","Hyopsodontidae","Hyopsodus","simplex","Hyopsodus","simplex","Hyopsodus simplex","Hyopsodus simplex",61,TRUE,0
"261","Chordata","Mammalia","Condylarthra","Hyopsodontidae","Hyopsodus","minor","Hyopsodus","minor","Hyopsodus minor","Hyopsodus minor",61,TRUE,0
"262","Chordata","Mammalia","Condylarthra","Hyopsodontidae","Hyopsodus","mentalis","Hyopsodus","mentalis","Hyopsodus mentalis","Hyopsodus mentalis",21,TRUE,2
"263","Chordata","Mammalia","Condylarthra","Hyopsodontidae","Hyopsodus","mentalis","Hyopsodus","lemoinianus","Hyopsodus mentalis","Hyopsodus lemoinianus",21,TRUE,2
"264","Chordata","Mammalia","Condylarthra","Hyopsodontidae","Hyopsodus","uintensis","Hyopsodus","uintensis","Hyopsodus uintensis","Hyopsodus uintensis",13,TRUE,0
"265","Chordata","Mammalia","Condylarthra","Hyopsodontidae","Hyopsodus","wortmani","Hyopsodus","wortmani","Hyopsodus wortmani","Hyopsodus wortmani",54,TRUE,5
"266","Chordata","Mammalia","Condylarthra","Hyopsodontidae","Hyopsodus","loomisi","Hyopsodus","loomisi","Hyopsodus loomisi","Hyopsodus loomisi",154,TRUE,1
"267","Chordata","Mammalia","Condylarthra","Hyopsodontidae","Hyopsodus","lepidus","Hyopsodus","lepidus","Hyopsodus lepidus","Hyopsodus lepidus",10,TRUE,0
"268","Chordata","Mammalia","Condylarthra","Hyopsodontidae","Molinodus","","Molinodus","","Molinodus","Molinodus",0,FALSE,0
"269","Chordata","Mammalia","Condylarthra","Hyopsodontidae","Molinodus","suarezi","Molinodus","suarezi","Molinodus suarezi","Molinodus suarezi",2,FALSE,0
"270","Chordata","Mammalia","Condylarthra","Hyopsodontidae","","","Pleuraspidotheriinae","","Pleuraspidotheriinae","Pleuraspidotheriinae",0,FALSE,0
"271","Chordata","Mammalia","Condylarthra","Hyopsodontidae","Mioclaenus","","Mioclaenus","","Mioclaenus","Mioclaenus",5,TRUE,0
"272","Chordata","Mammalia","Condylarthra","Hyopsodontidae","Mioclaenus","zittelianus","Mioclaenus","zittelianus","Mioclaenus zittelianus","Mioclaenus zittelianus",0,FALSE,0
"273","Chordata","Mammalia","Condylarthra","Hyopsodontidae","Mioclaenus","mandibularis","Mioclaenus","mandibularis","Mioclaenus mandibularis","Mioclaenus mandibularis",0,FALSE,1
"274","Chordata","Mammalia","Condylarthra","Hyopsodontidae","Mioclaenus","opisthacus","Mioclaenus","opisthacus","Mioclaenus opisthacus","Mioclaenus opisthacus",14,TRUE,5
"275","Chordata","Mammalia","Condylarthra","Hyopsodontidae","Mioclaenus","baldwini","Mioclaenus","baldwini","Mioclaenus baldwini","Mioclaenus baldwini",0,FALSE,1
"276","Chordata","Mammalia","Condylarthra","Hyopsodontidae","Mioclaenus","turgidus","Mioclaenus","turgidus","Mioclaenus turgidus","Mioclaenus turgidus",16,TRUE,8
"277","Chordata","Mammalia","Condylarthra","Hyopsodontidae","Mioclaenus","turgidus","Mioclaenus","lydekkerianus","Mioclaenus turgidus","Mioclaenus lydekkerianus",16,TRUE,8
"278","Chordata","Mammalia","Condylarthra","Hyopsodontidae","","","Tricuspiodontinae","","Tricuspiodontinae","Tricuspiodontinae",0,FALSE,0
"279","Chordata","Mammalia","Condylarthra","Hyopsodontidae","Tricuspiodon","","Tricuspiodon","","Tricuspiodon","Tricuspiodon",1,FALSE,0
"280","Chordata","Mammalia","Condylarthra","Hyopsodontidae","Tricuspiodon","rutimeyer","Tricuspiodon","rutimeyer","Tricuspiodon rutimeyer","Tricuspiodon rutimeyer",1,FALSE,0
"281","Chordata","Mammalia","Condylarthra","Hyopsodontidae","Tricuspiodon","magistrae","Tricuspiodon","magistrae","Tricuspiodon magistrae","Tricuspiodon magistrae",2,FALSE,0
"282","Chordata","Mammalia","Condylarthra","Hyopsodontidae","Tricuspiodon","sobrinus","Tricuspiodon","sobrinus","Tricuspiodon sobrinus","Tricuspiodon sobrinus",3,FALSE,0
"283","Chordata","Mammalia","Condylarthra","Hyopsodontidae","Paratricuspiodon","","Paratricuspiodon","","Paratricuspiodon","Paratricuspiodon",0,FALSE,0
"284","Chordata","Mammalia","Condylarthra","Hyopsodontidae","Paratricuspiodon","krumbiegeli","Paratricuspiodon","krumbiegeli","Paratricuspiodon krumbiegeli","Paratricuspiodon krumbiegeli",1,FALSE,0
"285","Chordata","Mammalia","Condylarthra","Hyopsodontidae","Bubogonia","","Bubogonia","","Bubogonia","Bubogonia",0,FALSE,0
"286","Chordata","Mammalia","Condylarthra","Hyopsodontidae","Bubogonia","bombadili","Bubogonia","bombadili","Bubogonia bombadili","Bubogonia bombadili",2,TRUE,1
"287","Chordata","Mammalia","Condylarthra","Hyopsodontidae","Bubogonia","saskia","Bubogonia","saskia","Bubogonia saskia","Bubogonia saskia",1,TRUE,1
"288","Chordata","Mammalia","Condylarthra","Hyopsodontidae","Choeroclaenus","","Choeroclaenus","","Choeroclaenus","Choeroclaenus",0,FALSE,0
"289","Chordata","Mammalia","Condylarthra","Hyopsodontidae","Choeroclaenus","turgidunculus","Choeroclaenus","turgidunculus","Choeroclaenus turgidunculus","Choeroclaenus turgidunculus",4,TRUE,2
"290","Chordata","Mammalia","Condylarthra","Hyopsodontidae","Protoselene","","Protoselene","","Protoselene","Protoselene",4,TRUE,0
"291","Chordata","Mammalia","Condylarthra","Hyopsodontidae","Protoselene","","Dracoclaenus","","Protoselene","Dracoclaenus",4,TRUE,0
"292","Chordata","Mammalia","Condylarthra","Hyopsodontidae","Protoselene","novissimus","Protoselene","novissimus","Protoselene novissimus","Protoselene novissimus",1,TRUE,2
"293","Chordata","Mammalia","Condylarthra","Hyopsodontidae","Protoselene","griphus","Protoselene","griphus","Protoselene griphus","Protoselene griphus",2,TRUE,3
"294","Chordata","Mammalia","Condylarthra","Hyopsodontidae","Protoselene","ashtoni","Protoselene","ashtoni","Protoselene ashtoni","Protoselene ashtoni",1,TRUE,0
"295","Chordata","Mammalia","Condylarthra","Hyopsodontidae","","","Hyopsodontinae","","Hyopsodontinae","Hyopsodontinae",0,FALSE,0
"296","Chordata","Mammalia","Condylarthra","Hyopsodontidae","Obtususdon","","Obtususdon","","Obtususdon","Obtususdon",0,FALSE,0
"297","Chordata","Mammalia","Condylarthra","Hyopsodontidae","Obtususdon","hanhuaensis","Obtususdon","hanhuaensis","Obtususdon hanhuaensis","Obtususdon hanhuaensis",2,FALSE,0
"298","Chordata","Mammalia","Condylarthra","Hyopsodontidae","Decoredon","","Decoredon","","Decoredon","Decoredon",0,FALSE,0
"299","Chordata","Mammalia","Condylarthra","Hyopsodontidae","Lessnessina","","Lessnessina","","Lessnessina","Lessnessina",0,FALSE,0
"300","Chordata","Mammalia","Condylarthra","Hyopsodontidae","Lessnessina","packmani","Lessnessina","packmani","Lessnessina packmani","Lessnessina packmani",1,FALSE,0
"301","Chordata","Mammalia","Condylarthra","Hyopsodontidae","Lessnessina","praecipuus","Lessnessina","praecipuus","Lessnessina praecipuus","Lessnessina praecipuus",1,FALSE,0
"302","Chordata","Mammalia","Condylarthra","Hyopsodontidae","Lessnessina","khushuensis","Lessnessina","khushuensis","Lessnessina khushuensis","Lessnessina khushuensis",0,FALSE,0
"303","Chordata","Mammalia","NO_ORDER_SPECIFIED","Periptychidae","","","Periptychidae","","Periptychidae","Periptychidae",12,TRUE,0
"304","Chordata","Mammalia","NO_ORDER_SPECIFIED","Periptychidae","Beornus","","Beornus","","Beornus","Beornus",0,FALSE,0
"305","Chordata","Mammalia","NO_ORDER_SPECIFIED","Periptychidae","Beornus","honeyi","Beornus","honeyi","Beornus honeyi","Beornus honeyi",1,TRUE,1
"306","Chordata","Mammalia","NO_ORDER_SPECIFIED","Periptychidae","","","Periptychinae","","Periptychinae","Periptychinae",0,FALSE,0
"307","Chordata","Mammalia","NO_ORDER_SPECIFIED","Periptychidae","Periptychus","","Periptychus","","Periptychus","Periptychus",11,TRUE,0
"308","Chordata","Mammalia","NO_ORDER_SPECIFIED","Periptychidae","Periptychus","","Carsioptychus","","Periptychus","Carsioptychus",11,TRUE,0
"309","Chordata","Mammalia","NO_ORDER_SPECIFIED","Periptychidae","Periptychus","","Plagioptychus","","Periptychus","Plagioptychus",11,TRUE,0
"310","Chordata","Mammalia","NO_ORDER_SPECIFIED","Periptychidae","Periptychus","coarctatus","Periptychus","coarctatus","Periptychus coarctatus","Periptychus coarctatus",55,TRUE,42
"311","Chordata","Mammalia","NO_ORDER_SPECIFIED","Periptychidae","Periptychus","coarctatus","Periptychus","brabensis","Periptychus coarctatus","Periptychus brabensis",55,TRUE,42
"312","Chordata","Mammalia","NO_ORDER_SPECIFIED","Periptychidae","Periptychus","coarctatus","Periptychus","hamaxitus","Periptychus coarctatus","Periptychus hamaxitus",55,TRUE,42
"313","Chordata","Mammalia","NO_ORDER_SPECIFIED","Periptychidae","Periptychus","coarctatus","Periptychus","matthewi","Periptychus coarctatus","Periptychus matthewi",55,TRUE,42
"314","Chordata","Mammalia","NO_ORDER_SPECIFIED","Periptychidae","Periptychus","coarctatus","Plagioptychus","matthewi","Periptychus coarctatus","Plagioptychus matthewi",55,TRUE,42
"315","Chordata","Mammalia","NO_ORDER_SPECIFIED","Periptychidae","Periptychus","","Catathlaeus","","Periptychus","Catathlaeus",11,TRUE,0
"316","Chordata","Mammalia","NO_ORDER_SPECIFIED","Periptychidae","Periptychus","carinidens","Periptychus","carinidens","Periptychus carinidens","Periptychus carinidens",36,TRUE,10
"317","Chordata","Mammalia","NO_ORDER_SPECIFIED","Periptychidae","Periptychus","carinidens","Periptychus","gilmorei","Periptychus carinidens","Periptychus gilmorei",36,TRUE,10
"318","Chordata","Mammalia","NO_ORDER_SPECIFIED","Periptychidae","Periptychus","carinidens","Catathlaeus","rhabdodon","Periptychus carinidens","Catathlaeus rhabdodon",36,TRUE,10
"319","Chordata","Mammalia","NO_ORDER_SPECIFIED","Periptychidae","Periptychus","carinidens","Periptychus","superstes","Periptychus carinidens","Periptychus superstes",36,TRUE,10
"320","Chordata","Mammalia","NO_ORDER_SPECIFIED","Periptychidae","Periptychus","carinidens","Eohyus","robustus","Periptychus carinidens","Eohyus robustus",36,TRUE,10
"321","Chordata","Mammalia","NO_ORDER_SPECIFIED","Periptychidae","Ectoconus","","Ectoconus","","Ectoconus","Ectoconus",4,TRUE,0
"322","Chordata","Mammalia","NO_ORDER_SPECIFIED","Periptychidae","Ectoconus","cavigellii","Ectoconus","cavigellii","Ectoconus cavigellii","Ectoconus cavigellii",1,TRUE,4
"323","Chordata","Mammalia","NO_ORDER_SPECIFIED","Periptychidae","Ectoconus","ditrigonus","Ectoconus","ditrigonus","Ectoconus ditrigonus","Ectoconus ditrigonus",24,TRUE,10
"324","Chordata","Mammalia","NO_ORDER_SPECIFIED","Periptychidae","Ectoconus","ditrigonus","Ectoconus","majusculus","Ectoconus ditrigonus","Ectoconus majusculus",24,TRUE,10
"325","Chordata","Mammalia","NO_ORDER_SPECIFIED","Periptychidae","Ectoconus","symbolus","Ectoconus","symbolus","Ectoconus symbolus","Ectoconus symbolus",5,TRUE,0
"326","Chordata","Mammalia","NO_ORDER_SPECIFIED","Periptychidae","Tinuviel","","Tinuviel","","Tinuviel","Tinuviel",0,FALSE,0
"327","Chordata","Mammalia","NO_ORDER_SPECIFIED","Periptychidae","Tinuviel","eurydice","Tinuviel","eurydice","Tinuviel eurydice","Tinuviel eurydice",3,TRUE,1
"328","Chordata","Mammalia","NO_ORDER_SPECIFIED","Periptychidae","Mithrandir","","Mithrandir","","Mithrandir","Mithrandir",0,FALSE,0
"329","Chordata","Mammalia","NO_ORDER_SPECIFIED","Periptychidae","Mithrandir","gillianus","Mithrandir","gillianus","Mithrandir gillianus","Mithrandir gillianus",17,TRUE,15
"330","Chordata","Mammalia","NO_ORDER_SPECIFIED","Periptychidae","Mithrandir","gillianus","Anisonchus","apiculatus","Mithrandir gillianus","Anisonchus apiculatus",17,TRUE,15
"331","Chordata","Mammalia","NO_ORDER_SPECIFIED","Periptychidae","Mithrandir","","Gillisonchus","","Mithrandir","Gillisonchus",0,FALSE,0
"332","Chordata","Mammalia","NO_ORDER_SPECIFIED","Periptychidae","Hemithlaeus","","Hemithlaeus","","Hemithlaeus","Hemithlaeus",2,TRUE,0
"333","Chordata","Mammalia","NO_ORDER_SPECIFIED","Periptychidae","Hemithlaeus","kowalevskianus","Hemithlaeus","kowalevskianus","Hemithlaeus kowalevskianus","Hemithlaeus kowalevskianus",3,TRUE,3
"334","Chordata","Mammalia","NO_ORDER_SPECIFIED","Periptychidae","Hemithlaeus","josephi","Hemithlaeus","josephi","Hemithlaeus josephi","Hemithlaeus josephi",1,TRUE,1
"335","Chordata","Mammalia","NO_ORDER_SPECIFIED","Periptychidae","","","Anisonchinae","","Anisonchinae","Anisonchinae",0,FALSE,0
"336","Chordata","Mammalia","NO_ORDER_SPECIFIED","Periptychidae","Haploconus","","Haploconus","","Haploconus","Haploconus",2,TRUE,0
"337","Chordata","Mammalia","NO_ORDER_SPECIFIED","Periptychidae","Haploconus","angustus","Haploconus","angustus","Haploconus angustus","Haploconus angustus",10,TRUE,3
"338","Chordata","Mammalia","NO_ORDER_SPECIFIED","Periptychidae","Haploconus","angustus","Haploconus","inopinatus","Haploconus angustus","Haploconus inopinatus",10,TRUE,3
"339","Chordata","Mammalia","NO_ORDER_SPECIFIED","Periptychidae","Haploconus","angustus","Haploconus","corniculatus","Haploconus angustus","Haploconus corniculatus",10,TRUE,3
"340","Chordata","Mammalia","NO_ORDER_SPECIFIED","Periptychidae","Haploconus","angustus","Haploconus","xiphodon","Haploconus angustus","Haploconus xiphodon",10,TRUE,3
"341","Chordata","Mammalia","NO_ORDER_SPECIFIED","Periptychidae","Haploconus","entoconus","Haploconus","entoconus","Haploconus entoconus","Haploconus entoconus",5,TRUE,21
"342","Chordata","Mammalia","NO_ORDER_SPECIFIED","Periptychidae","Haploconus","entoconus","Anisonchus","coniferus","Haploconus entoconus","Anisonchus coniferus",5,TRUE,21
"343","Chordata","Mammalia","NO_ORDER_SPECIFIED","Periptychidae","Haploconus","lineatus","Haploconus","lineatus","Haploconus lineatus","Haploconus lineatus",0,FALSE,3
"344","Chordata","Mammalia","NO_ORDER_SPECIFIED","Periptychidae","Haploconus","elachistus","Haploconus","elachistus","Haploconus elachistus","Haploconus elachistus",2,TRUE,3
"345","Chordata","Mammalia","NO_ORDER_SPECIFIED","Periptychidae","Pseudanisonchus","","Pseudanisonchus","","Pseudanisonchus","Pseudanisonchus",0,FALSE,0
"346","Chordata","Mammalia","NO_ORDER_SPECIFIED","Periptychidae","Pseudanisonchus","antelios","Pseudanisonchus","antelios","Pseudanisonchus antelios","Pseudanisonchus antelios",1,FALSE,0
"347","Chordata","Mammalia","NO_ORDER_SPECIFIED","Periptychidae","Goleroconus","","Goleroconus","","Goleroconus","Goleroconus",0,FALSE,0
"348","Chordata","Mammalia","NO_ORDER_SPECIFIED","Periptychidae","Goleroconus","alfi","Goleroconus","alfi","Goleroconus alfi","Goleroconus alfi",2,TRUE,0
"349","Chordata","Mammalia","NO_ORDER_SPECIFIED","Periptychidae","Anisonchus","","Anisonchus","","Anisonchus","Anisonchus",2,TRUE,0
"350","Chordata","Mammalia","NO_ORDER_SPECIFIED","Periptychidae","Anisonchus","willeyi","Anisonchus","willeyi","Anisonchus willeyi","Anisonchus willeyi",1,TRUE,0
"351","Chordata","Mammalia","NO_ORDER_SPECIFIED","Periptychidae","Anisonchus","","Zetodon","","Anisonchus","Zetodon",2,TRUE,0
"352","Chordata","Mammalia","NO_ORDER_SPECIFIED","Periptychidae","Anisonchus","fortunatus","Anisonchus","fortunatus","Anisonchus fortunatus","Anisonchus fortunatus",1,TRUE,0
"353","Chordata","Mammalia","NO_ORDER_SPECIFIED","Periptychidae","Anisonchus","onostus","Anisonchus","onostus","Anisonchus onostus","Anisonchus onostus",2,TRUE,1
"354","Chordata","Mammalia","NO_ORDER_SPECIFIED","Periptychidae","Anisonchus","oligistus","Anisonchus","oligistus","Anisonchus oligistus","Anisonchus oligistus",6,TRUE,1
"355","Chordata","Mammalia","NO_ORDER_SPECIFIED","Periptychidae","Anisonchus","sectorius","Anisonchus","sectorius","Anisonchus sectorius","Anisonchus sectorius",38,TRUE,5
"356","Chordata","Mammalia","NO_ORDER_SPECIFIED","Periptychidae","Anisonchus","sectorius","Anisonchus","dracus","Anisonchus sectorius","Anisonchus dracus",38,TRUE,5
"357","Chordata","Mammalia","NO_ORDER_SPECIFIED","Periptychidae","Anisonchus","sectorius","Zetodon","gracilis","Anisonchus sectorius","Zetodon gracilis",38,TRUE,5
"358","Chordata","Mammalia","NO_ORDER_SPECIFIED","Periptychidae","Anisonchus","athelas","Anisonchus","athelas","Anisonchus athelas","Anisonchus athelas",5,TRUE,11
"359","Chordata","Mammalia","NO_ORDER_SPECIFIED","Periptychidae","Anisonchus","athelas","Anisonchus","eowynae","Anisonchus athelas","Anisonchus eowynae",5,TRUE,11
"360","Chordata","Mammalia","NO_ORDER_SPECIFIED","Periptychidae","Auraria","","Auraria","","Auraria","Auraria",0,FALSE,0
"361","Chordata","Mammalia","NO_ORDER_SPECIFIED","Periptychidae","Auraria","urbana","Auraria","urbana","Auraria urbana","Auraria urbana",1,TRUE,8
"362","Chordata","Mammalia","NO_ORDER_SPECIFIED","Periptychidae","Conacodon","","Conacodon","","Conacodon","Conacodon",1,TRUE,0
"363","Chordata","Mammalia","NO_ORDER_SPECIFIED","Periptychidae","Conacodon","kohlbergeri","Conacodon","kohlbergeri","Conacodon kohlbergeri","Conacodon kohlbergeri",4,TRUE,0
"364","Chordata","Mammalia","NO_ORDER_SPECIFIED","Periptychidae","Conacodon","kohlbergeri","Conacodon","utahensis","Conacodon kohlbergeri","Conacodon utahensis",4,TRUE,0
"365","Chordata","Mammalia","NO_ORDER_SPECIFIED","Periptychidae","Conacodon","matthewi","Conacodon","matthewi","Conacodon matthewi","Conacodon matthewi",1,TRUE,8
"366","Chordata","Mammalia","NO_ORDER_SPECIFIED","Periptychidae","Conacodon","hettingeri","Conacodon","hettingeri","Conacodon hettingeri","Conacodon hettingeri",1,TRUE,1
"367","Chordata","Mammalia","NO_ORDER_SPECIFIED","Periptychidae","Conacodon","harbourae","Conacodon","harbourae","Conacodon harbourae","Conacodon harbourae",2,TRUE,6
"368","Chordata","Mammalia","NO_ORDER_SPECIFIED","Periptychidae","Conacodon","delphae","Conacodon","delphae","Conacodon delphae","Conacodon delphae",3,TRUE,7
"369","Chordata","Mammalia","NO_ORDER_SPECIFIED","Periptychidae","Conacodon","cophater","Conacodon","cophater","Conacodon cophater","Conacodon cophater",5,TRUE,3
"370","Chordata","Mammalia","NO_ORDER_SPECIFIED","Periptychidae","Oxyacodon","","Oxyacodon","","Oxyacodon","Oxyacodon",2,TRUE,0
"371","Chordata","Mammalia","NO_ORDER_SPECIFIED","Periptychidae","Oxyacodon","apiculatus","Oxyacodon","apiculatus","Oxyacodon apiculatus","Oxyacodon apiculatus",6,TRUE,5
"372","Chordata","Mammalia","NO_ORDER_SPECIFIED","Periptychidae","Oxyacodon","priscilla","Oxyacodon","priscilla","Oxyacodon priscilla","Oxyacodon priscilla",5,TRUE,6
"373","Chordata","Mammalia","NO_ORDER_SPECIFIED","Periptychidae","Oxyacodon","marshater","Oxyacodon","marshater","Oxyacodon marshater","Oxyacodon marshater",2,TRUE,1
"374","Chordata","Mammalia","NO_ORDER_SPECIFIED","Periptychidae","Oxyacodon","agapetillus","Oxyacodon","agapetillus","Oxyacodon agapetillus","Oxyacodon agapetillus",5,TRUE,8
"375","Chordata","Mammalia","NO_ORDER_SPECIFIED","Periptychidae","Oxyacodon","agapetillus","Fimbrethil","ambaronae","Oxyacodon agapetillus","Fimbrethil ambaronae",5,TRUE,8
"376","Chordata","Mammalia","NO_ORDER_SPECIFIED","Periptychidae","Oxyacodon","","Fimbrethil","","Oxyacodon","Fimbrethil",2,TRUE,0
"377","Chordata","Mammalia","NO_ORDER_SPECIFIED","Periptychidae","Oxyacodon","ferronensis","Oxyacodon","ferronensis","Oxyacodon ferronensis","Oxyacodon ferronensis",9,TRUE,12
"378","Chordata","Mammalia","NO_ORDER_SPECIFIED","Periptychidae","Escatepos","","Escatepos","","Escatepos","Escatepos",0,FALSE,0
"379","Chordata","Mammalia","NO_ORDER_SPECIFIED","Periptychidae","Escatepos","campi","Escatepos","campi","Escatepos campi","Escatepos campi",1,TRUE,0
"380","Chordata","Mammalia","NO_ORDER_SPECIFIED","Periptychidae","Paleoungulatum","","Paleoungulatum","","Paleoungulatum","Paleoungulatum",0,FALSE,0
"381","Chordata","Mammalia","NO_ORDER_SPECIFIED","Periptychidae","Paleoungulatum","hooleyi","Paleoungulatum","hooleyi","Paleoungulatum hooleyi","Paleoungulatum hooleyi",0,FALSE,0
"382","Chordata","Mammalia","NO_ORDER_SPECIFIED","Periptychidae","Alticonus","","Alticonus","","Alticonus","Alticonus",0,FALSE,0
"383","Chordata","Mammalia","NO_ORDER_SPECIFIED","Periptychidae","Alticonus","gazini","Alticonus","gazini","Alticonus gazini","Alticonus gazini",3,TRUE,2
"384","Chordata","Mammalia","NO_ORDER_SPECIFIED","Periptychidae","","","Conacodontinae","","Conacodontinae","Conacodontinae",1,TRUE,0
"385","Chordata","Mammalia","NO_ORDER_SPECIFIED","Periptychidae","Ampliconus","","Ampliconus","","Ampliconus","Ampliconus",1,TRUE,0
"386","Chordata","Mammalia","NO_ORDER_SPECIFIED","Periptychidae","Ampliconus","browni","Ampliconus","browni","Ampliconus browni","Ampliconus browni",2,TRUE,17
"387","Chordata","Mammalia","NO_ORDER_SPECIFIED","Periptychidae","Ampliconus","antoni","Ampliconus","antoni","Ampliconus antoni","Ampliconus antoni",2,TRUE,3
"388","Chordata","Mammalia","NO_ORDER_SPECIFIED","Periptychidae","Miniconus","","Miniconus","","Miniconus","Miniconus",0,FALSE,0
"389","Chordata","Mammalia","NO_ORDER_SPECIFIED","Periptychidae","Miniconus","jeanninae","Miniconus","jeanninae","Miniconus jeanninae","Miniconus jeanninae",1,TRUE,3
"390","Chordata","Mammalia","NO_ORDER_SPECIFIED","Periptychidae","Miniconus","archibaldi","Miniconus","archibaldi","Miniconus archibaldi","Miniconus archibaldi",1,TRUE,20
"391","Chordata","Mammalia","NO_ORDER_SPECIFIED","Phenacodontidae","","","Phenacodontidae","","Phenacodontidae","Phenacodontidae",18,TRUE,0
"392","Chordata","Mammalia","NO_ORDER_SPECIFIED","Phenacodontidae","Lophocion","","Lophocion","","Lophocion","Lophocion",0,FALSE,0
"393","Chordata","Mammalia","NO_ORDER_SPECIFIED","Phenacodontidae","Lophocion","grangeri","Lophocion","grangeri","Lophocion grangeri","Lophocion grangeri",1,TRUE,1
"394","Chordata","Mammalia","NO_ORDER_SPECIFIED","Phenacodontidae","Lophocion","asiaticus","Lophocion","asiaticus","Lophocion asiaticus","Lophocion asiaticus",1,FALSE,1
"395","Chordata","Mammalia","NO_ORDER_SPECIFIED","Phenacodontidae","","","Meniscotheriinae","","Meniscotheriinae","Meniscotheriinae",0,FALSE,0
"396","Chordata","Mammalia","NO_ORDER_SPECIFIED","Phenacodontidae","Ectocion","","Ectocion","","Ectocion","Ectocion",17,TRUE,0
"397","Chordata","Mammalia","NO_ORDER_SPECIFIED","Phenacodontidae","Ectocion","cedrus","Ectocion","cedrus","Ectocion cedrus","Ectocion cedrus",17,TRUE,2
"398","Chordata","Mammalia","NO_ORDER_SPECIFIED","Phenacodontidae","Ectocion","major","Ectocion","major","Ectocion major","Ectocion major",5,TRUE,2
"399","Chordata","Mammalia","NO_ORDER_SPECIFIED","Phenacodontidae","Ectocion","","Prosthecion","","Ectocion","Prosthecion",17,TRUE,0
"400","Chordata","Mammalia","NO_ORDER_SPECIFIED","Phenacodontidae","Ectocion","collinus","Ectocion","collinus","Ectocion collinus","Ectocion collinus",27,TRUE,12
"401","Chordata","Mammalia","NO_ORDER_SPECIFIED","Phenacodontidae","Ectocion","collinus","Gidleyina","silberlingi","Ectocion collinus","Gidleyina silberlingi",27,TRUE,12
"402","Chordata","Mammalia","NO_ORDER_SPECIFIED","Phenacodontidae","Ectocion","collinus","Gidleyina","wyomingensis","Ectocion collinus","Gidleyina wyomingensis",27,TRUE,12
"403","Chordata","Mammalia","NO_ORDER_SPECIFIED","Phenacodontidae","Ectocion","collinus","Gidleyina","montanensis","Ectocion collinus","Gidleyina montanensis",27,TRUE,12
"404","Chordata","Mammalia","NO_ORDER_SPECIFIED","Phenacodontidae","Ectocion","collinus","Meniscotherium","semicingulatum","Ectocion collinus","Meniscotherium semicingulatum",27,TRUE,12
"405","Chordata","Mammalia","NO_ORDER_SPECIFIED","Phenacodontidae","Ectocion","collinus","Tetraclaenodon","superior","Ectocion collinus","Tetraclaenodon superior",27,TRUE,12
"406","Chordata","Mammalia","NO_ORDER_SPECIFIED","Phenacodontidae","Ectocion","mediotuber","Ectocion","mediotuber","Ectocion mediotuber","Ectocion mediotuber",22,TRUE,2
"407","Chordata","Mammalia","NO_ORDER_SPECIFIED","Phenacodontidae","Ectocion","nanabeensis","Ectocion","nanabeensis","Ectocion nanabeensis","Ectocion nanabeensis",1,TRUE,3
"408","Chordata","Mammalia","NO_ORDER_SPECIFIED","Phenacodontidae","Ectocion","superstes","Ectocion","superstes","Ectocion superstes","Ectocion superstes",3,TRUE,2
"409","Chordata","Mammalia","NO_ORDER_SPECIFIED","Phenacodontidae","Ectocion","osbornianus","Ectocion","osbornianus","Ectocion osbornianus","Ectocion osbornianus",279,TRUE,13
"410","Chordata","Mammalia","NO_ORDER_SPECIFIED","Phenacodontidae","Ectocion","osbornianus","Ectocion","ralstonensis","Ectocion osbornianus","Ectocion ralstonensis",279,TRUE,13
"411","Chordata","Mammalia","NO_ORDER_SPECIFIED","Phenacodontidae","Ectocion","parvus","Ectocion","parvus","Ectocion parvus","Ectocion parvus",30,TRUE,2
"412","Chordata","Mammalia","NO_ORDER_SPECIFIED","Phenacodontidae","Ectocion","ignotum","Ectocion","ignotum","Ectocion ignotum","Ectocion ignotum",1,TRUE,2
"413","Chordata","Mammalia","NO_ORDER_SPECIFIED","Phenacodontidae","Ectocion","","Gidleyina","","Ectocion","Gidleyina",17,TRUE,0
"414","Chordata","Mammalia","NO_ORDER_SPECIFIED","Phenacodontidae","Meniscotherium","","Meniscotherium","","Meniscotherium","Meniscotherium",3,TRUE,0
"415","Chordata","Mammalia","NO_ORDER_SPECIFIED","Phenacodontidae","Meniscotherium","chamense","Meniscotherium","chamense","Meniscotherium chamense","Meniscotherium chamense",40,TRUE,8
"416","Chordata","Mammalia","NO_ORDER_SPECIFIED","Phenacodontidae","Meniscotherium","chamense","Meniscotherium","robustum","Meniscotherium chamense","Meniscotherium robustum",40,TRUE,8
"417","Chordata","Mammalia","NO_ORDER_SPECIFIED","Phenacodontidae","Meniscotherium","chamense","Meniscotherium","terraerubrae","Meniscotherium chamense","Meniscotherium terraerubrae",40,TRUE,8
"418","Chordata","Mammalia","NO_ORDER_SPECIFIED","Phenacodontidae","Meniscotherium","chamense","Hyracops","socialis","Meniscotherium chamense","Hyracops socialis",40,TRUE,8
"419","Chordata","Mammalia","NO_ORDER_SPECIFIED","Phenacodontidae","Meniscotherium","priscum","Meniscotherium","priscum","Meniscotherium priscum","Meniscotherium priscum",1,TRUE,6
"420","Chordata","Mammalia","NO_ORDER_SPECIFIED","Phenacodontidae","Meniscotherium","tapiacitum","Meniscotherium","tapiacitum","Meniscotherium tapiacitum","Meniscotherium tapiacitum",17,TRUE,1
"421","Chordata","Mammalia","NO_ORDER_SPECIFIED","Phenacodontidae","Meniscotherium","","Hyracops","","Meniscotherium","Hyracops",3,TRUE,0
"422","Chordata","Mammalia","NO_ORDER_SPECIFIED","Phenacodontidae","Eodesmatodon","","Eodesmatodon","","Eodesmatodon","Eodesmatodon",0,FALSE,0
"423","Chordata","Mammalia","NO_ORDER_SPECIFIED","Phenacodontidae","Eodesmatodon","spanios","Eodesmatodon","spanios","Eodesmatodon spanios","Eodesmatodon spanios",1,FALSE,0
"424","Chordata","Mammalia","NO_ORDER_SPECIFIED","Phenacodontidae","Phenacodus","","Phenacodus","","Phenacodus","Phenacodus",143,TRUE,0
"425","Chordata","Mammalia","NO_ORDER_SPECIFIED","Phenacodontidae","Phenacodus","bisonensis","Phenacodus","bisonensis","Phenacodus bisonensis","Phenacodus bisonensis",17,TRUE,7
"426","Chordata","Mammalia","NO_ORDER_SPECIFIED","Phenacodontidae","Phenacodus","matthewi","Phenacodus","matthewi","Phenacodus matthewi","Phenacodus matthewi",6,TRUE,4
"427","Chordata","Mammalia","NO_ORDER_SPECIFIED","Phenacodontidae","Phenacodus","matthewi","Phenacodus","gidleyi","Phenacodus matthewi","Phenacodus gidleyi",6,TRUE,4
"428","Chordata","Mammalia","NO_ORDER_SPECIFIED","Phenacodontidae","Phenacodus","grangeri","Phenacodus","grangeri","Phenacodus grangeri","Phenacodus grangeri",57,TRUE,2
"429","Chordata","Mammalia","NO_ORDER_SPECIFIED","Phenacodontidae","Phenacodus","grangeri","Tetraclaenodon","transitus","Phenacodus grangeri","Tetraclaenodon transitus",57,TRUE,2
"430","Chordata","Mammalia","NO_ORDER_SPECIFIED","Phenacodontidae","Phenacodus","magnus","Phenacodus","magnus","Phenacodus magnus","Phenacodus magnus",16,TRUE,1
"431","Chordata","Mammalia","NO_ORDER_SPECIFIED","Phenacodontidae","Phenacodus","","Phenacodus","hemiconus","Phenacodus","Phenacodus hemiconus",143,TRUE,0
"432","Chordata","Mammalia","NO_ORDER_SPECIFIED","Phenacodontidae","Phenacodus","vortmani","Phenacodus","vortmani","Phenacodus vortmani","Phenacodus vortmani",198,TRUE,16
"433","Chordata","Mammalia","NO_ORDER_SPECIFIED","Phenacodontidae","Phenacodus","vortmani","Phenacodus","almiensis","Phenacodus vortmani","Phenacodus almiensis",198,TRUE,16
"434","Chordata","Mammalia","NO_ORDER_SPECIFIED","Phenacodontidae","Phenacodus","vortmani","Phenacodus","copei","Phenacodus vortmani","Phenacodus copei",198,TRUE,16
"435","Chordata","Mammalia","NO_ORDER_SPECIFIED","Phenacodontidae","Phenacodus","vortmani","Phenacodus","apternus","Phenacodus vortmani","Phenacodus apternus",198,TRUE,16
"436","Chordata","Mammalia","NO_ORDER_SPECIFIED","Phenacodontidae","Phenacodus","trilobatus","Phenacodus","trilobatus","Phenacodus trilobatus","Phenacodus trilobatus",32,TRUE,1
"437","Chordata","Mammalia","NO_ORDER_SPECIFIED","Phenacodontidae","Phenacodus","trilobatus","Phenacodus","robustus","Phenacodus trilobatus","Phenacodus robustus",32,TRUE,1
"438","Chordata","Mammalia","NO_ORDER_SPECIFIED","Phenacodontidae","Phenacodus","","Eohyus","","Phenacodus","Eohyus",143,TRUE,0
"439","Chordata","Mammalia","NO_ORDER_SPECIFIED","Phenacodontidae","Phenacodus","","Opisthotomus","","Phenacodus","Opisthotomus",143,TRUE,0
"440","Chordata","Mammalia","NO_ORDER_SPECIFIED","Phenacodontidae","Phenacodus","flagrans","Opisthotomus","flagrans","Opisthotomus flagrans","Opisthotomus flagrans",0,FALSE,1
"441","Chordata","Mammalia","NO_ORDER_SPECIFIED","Phenacodontidae","Phenacodus","astutus","Opisthotomus","astutus","Opisthotomus astutus","Opisthotomus astutus",0,FALSE,1
"442","Chordata","Mammalia","NO_ORDER_SPECIFIED","Phenacodontidae","Phenacodus","zuniensis","Phenacodus","zuniensis","Phenacodus zuniensis","Phenacodus zuniensis",0,FALSE,2
"443","Chordata","Mammalia","NO_ORDER_SPECIFIED","Phenacodontidae","Phenacodus","","Phenacodus","primaevus","Phenacodus","Phenacodus primaevus",143,TRUE,0
"444","Chordata","Mammalia","NO_ORDER_SPECIFIED","Phenacodontidae","Phenacodus","","Eohyus","distans","Phenacodus","Eohyus distans",143,TRUE,0
"445","Chordata","Mammalia","NO_ORDER_SPECIFIED","Phenacodontidae","Phenacodus","","Phenacodus","nuniensis","Phenacodus","Phenacodus nuniensis",143,TRUE,0
"446","Chordata","Mammalia","NO_ORDER_SPECIFIED","Phenacodontidae","Phenacodus","","Phenacodus","omnivorus","Phenacodus","Phenacodus omnivorus",143,TRUE,0
"447","Chordata","Mammalia","NO_ORDER_SPECIFIED","Phenacodontidae","Phenacodus","sulcatus","Phenacodus","sulcatus","Phenacodus sulcatus","Phenacodus sulcatus",0,FALSE,1
"448","Chordata","Mammalia","NO_ORDER_SPECIFIED","Phenacodontidae","Phenacodus","intermedius","Phenacodus","intermedius","Phenacodus intermedius","Phenacodus intermedius",204,TRUE,5
"449","Chordata","Mammalia","NO_ORDER_SPECIFIED","Phenacodontidae","Phenacodus","","Trispondylus","","Phenacodus","Trispondylus",143,TRUE,0
"450","Chordata","Mammalia","NO_ORDER_SPECIFIED","Phenacodontidae","Almogaver","","Almogaver","","Almogaver","Almogaver",0,FALSE,0
"451","Chordata","Mammalia","NO_ORDER_SPECIFIED","Phenacodontidae","Tetraclaenodon","","Tetraclaenodon","","Tetraclaenodon","Tetraclaenodon",8,TRUE,0
"452","Chordata","Mammalia","NO_ORDER_SPECIFIED","Phenacodontidae","Tetraclaenodon","puercensis","Tetraclaenodon","puercensis","Tetraclaenodon puercensis","Tetraclaenodon puercensis",42,TRUE,18
"453","Chordata","Mammalia","NO_ORDER_SPECIFIED","Phenacodontidae","Tetraclaenodon","puercensis","Protogonia","zuniensis","Tetraclaenodon puercensis","Protogonia zuniensis",42,TRUE,18
"454","Chordata","Mammalia","NO_ORDER_SPECIFIED","Phenacodontidae","Tetraclaenodon","puercensis","Tetraclaenodon","symbolicus","Tetraclaenodon puercensis","Tetraclaenodon symbolicus",42,TRUE,18
"455","Chordata","Mammalia","NO_ORDER_SPECIFIED","Phenacodontidae","Tetraclaenodon","puercensis","Protogonia","subquadrata","Tetraclaenodon puercensis","Protogonia subquadrata",42,TRUE,18
"456","Chordata","Mammalia","NO_ORDER_SPECIFIED","Phenacodontidae","Tetraclaenodon","puercensis","Phenacodus","calceolatus","Tetraclaenodon puercensis","Phenacodus calceolatus",42,TRUE,18
"457","Chordata","Mammalia","NO_ORDER_SPECIFIED","Phenacodontidae","Tetraclaenodon","puercensis","Mioclaenus","floverianus","Tetraclaenodon puercensis","Mioclaenus floverianus",42,TRUE,18
"458","Chordata","Mammalia","NO_ORDER_SPECIFIED","Phenacodontidae","Tetraclaenodon","puercensis","Protogonia","plicifera","Tetraclaenodon puercensis","Protogonia plicifera",42,TRUE,18
"459","Chordata","Mammalia","NO_ORDER_SPECIFIED","Phenacodontidae","Tetraclaenodon","puercensis","Euprotogonia","minor","Tetraclaenodon puercensis","Euprotogonia minor",42,TRUE,18
"460","Chordata","Mammalia","NO_ORDER_SPECIFIED","Phenacodontidae","Tetraclaenodon","","Protogonia","","Tetraclaenodon","Protogonia",8,TRUE,0
"461","Chordata","Mammalia","NO_ORDER_SPECIFIED","Phenacodontidae","Tetraclaenodon","septentrionalis","Tetraclaenodon","septentrionalis","Tetraclaenodon septentrionalis","Tetraclaenodon septentrionalis",0,FALSE,1
"462","Chordata","Mammalia","NO_ORDER_SPECIFIED","Phenacodontidae","Tetraclaenodon","","Euprotogonia","","Tetraclaenodon","Euprotogonia",8,TRUE,0
"463","Chordata","Mammalia","NO_ORDER_SPECIFIED","Phenacodontidae","Copecion","","Copecion","","Copecion","Copecion",0,FALSE,0
"464","Chordata","Mammalia","NO_ORDER_SPECIFIED","Phenacodontidae","Copecion","brachypternus","Copecion","brachypternus","Copecion brachypternus","Copecion brachypternus",51,TRUE,11
"465","Chordata","Mammalia","NO_ORDER_SPECIFIED","Phenacodontidae","Copecion","davisi","Copecion","davisi","Copecion davisi","Copecion davisi",30,TRUE,1
